t_days,altitude_km,velocity_km_s,drag_N
0.000,500.000,7.61268,1.421839e-04
0.250,499.978,7.61269,1.422476e-04
0.500,499.956,7.61270,1.423112e-04
0.750,499.933,7.61272,1.423749e-04
1.000,499.911,7.61273,1.424387e-04
1.250,499.889,7.61274,1.425026e-04
1.500,499.867,7.61275,1.425665e-04
1.750,499.844,7.61277,1.426304e-04
2.000,499.822,7.61278,1.426944e-04
2.250,499.800,7.61279,1.427585e-04
2.500,499.778,7.61280,1.428226e-04
2.750,499.755,7.61282,1.428868e-04
3.000,499.733,7.61283,1.429510e-04
3.250,499.711,7.61284,1.430153e-04
3.500,499.688,7.61285,1.430797e-04
3.750,499.666,7.61286,1.431441e-04
4.000,499.644,7.61288,1.432085e-04
4.250,499.621,7.61289,1.432731e-04
4.500,499.599,7.61290,1.433376e-04
4.750,499.576,7.61291,1.434023e-04
5.000,499.554,7.61293,1.434670e-04
5.250,499.532,7.61294,1.435317e-04
5.500,499.509,7.61295,1.435966e-04
5.750,499.487,7.61296,1.436614e-04
6.000,499.464,7.61298,1.437264e-04
6.250,499.442,7.61299,1.437914e-04
6.500,499.420,7.61300,1.438564e-04
6.750,499.397,7.61301,1.439215e-04
7.000,499.375,7.61303,1.439867e-04
7.250,499.352,7.61304,1.440519e-04
7.500,499.330,7.61305,1.441172e-04
7.750,499.307,7.61306,1.441825e-04
8.000,499.285,7.61308,1.442479e-04
8.250,499.262,7.61309,1.443134e-04
8.500,499.240,7.61310,1.443789e-04
8.750,499.217,7.61311,1.444445e-04
9.000,499.194,7.61313,1.445101e-04
9.250,499.172,7.61314,1.445758e-04
9.500,499.149,7.61315,1.446416e-04
9.750,499.127,7.61316,1.447074e-04
10.000,499.104,7.61318,1.447733e-04
10.250,499.082,7.61319,1.448392e-04
10.500,499.059,7.61320,1.449052e-04
10.750,499.036,7.61321,1.449712e-04
11.000,499.014,7.61323,1.450374e-04
11.250,498.991,7.61324,1.451035e-04
11.500,498.968,7.61325,1.451698e-04
11.750,498.946,7.61326,1.452361e-04
12.000,498.923,7.61328,1.453024e-04
12.250,498.900,7.61329,1.453688e-04
12.500,498.878,7.61330,1.454353e-04
12.750,498.855,7.61331,1.455018e-04
13.000,498.832,7.61333,1.455684e-04
13.250,498.810,7.61334,1.456351e-04
13.500,498.787,7.61335,1.457018e-04
13.750,498.764,7.61336,1.457686e-04
14.000,498.741,7.61338,1.458354e-04
14.250,498.719,7.61339,1.459023e-04
14.500,498.696,7.61340,1.459693e-04
14.750,498.673,7.61341,1.460363e-04
15.000,498.650,7.61343,1.461034e-04
15.250,498.627,7.61344,1.461706e-04
15.500,498.605,7.61345,1.462378e-04
15.750,498.582,7.61346,1.463050e-04
16.000,498.559,7.61348,1.463724e-04
16.250,498.536,7.61349,1.464398e-04
16.500,498.513,7.61350,1.465072e-04
16.750,498.490,7.61352,1.465747e-04
17.000,498.467,7.61353,1.466423e-04
17.250,498.445,7.61354,1.467099e-04
17.500,498.422,7.61355,1.467776e-04
17.750,498.399,7.61357,1.468454e-04
18.000,498.376,7.61358,1.469132e-04
18.250,498.353,7.61359,1.469811e-04
18.500,498.330,7.61360,1.470491e-04
18.750,498.307,7.61362,1.471171e-04
19.000,498.284,7.61363,1.471852e-04
19.250,498.261,7.61364,1.472533e-04
19.500,498.238,7.61366,1.473215e-04
19.750,498.215,7.61367,1.473898e-04
20.000,498.192,7.61368,1.474581e-04
20.250,498.169,7.61369,1.475265e-04
20.500,498.146,7.61371,1.475949e-04
20.750,498.123,7.61372,1.476635e-04
21.000,498.100,7.61373,1.477320e-04
21.250,498.077,7.61374,1.478007e-04
21.500,498.054,7.61376,1.478694e-04
21.750,498.031,7.61377,1.479382e-04
22.000,498.008,7.61378,1.480070e-04
22.250,497.984,7.61380,1.480759e-04
22.500,497.961,7.61381,1.481448e-04
22.750,497.938,7.61382,1.482139e-04
23.000,497.915,7.61383,1.482830e-04
23.250,497.892,7.61385,1.483521e-04
23.500,497.869,7.61386,1.484213e-04
23.750,497.846,7.61387,1.484906e-04
24.000,497.822,7.61389,1.485600e-04
24.250,497.799,7.61390,1.486294e-04
24.500,497.776,7.61391,1.486988e-04
24.750,497.753,7.61392,1.487684e-04
25.000,497.730,7.61394,1.488380e-04
25.250,497.706,7.61395,1.489077e-04
25.500,497.683,7.61396,1.489774e-04
25.750,497.660,7.61398,1.490472e-04
26.000,497.637,7.61399,1.491171e-04
26.250,497.613,7.61400,1.491870e-04
26.500,497.590,7.61401,1.492570e-04
26.750,497.567,7.61403,1.493270e-04
27.000,497.544,7.61404,1.493972e-04
27.250,497.520,7.61405,1.494674e-04
27.500,497.497,7.61407,1.495376e-04
27.750,497.474,7.61408,1.496079e-04
28.000,497.450,7.61409,1.496783e-04
28.250,497.427,7.61410,1.497488e-04
28.500,497.403,7.61412,1.498193e-04
28.750,497.380,7.61413,1.498899e-04
29.000,497.357,7.61414,1.499605e-04
29.250,497.333,7.61416,1.500313e-04
29.500,497.310,7.61417,1.501020e-04
29.750,497.286,7.61418,1.501729e-04
30.000,497.263,7.61419,1.502438e-04
30.250,497.240,7.61421,1.503148e-04
30.500,497.216,7.61422,1.503859e-04
30.750,497.193,7.61423,1.504570e-04
31.000,497.169,7.61425,1.505282e-04
31.250,497.146,7.61426,1.505994e-04
31.500,497.122,7.61427,1.506707e-04
31.750,497.099,7.61429,1.507421e-04
32.000,497.075,7.61430,1.508136e-04
32.250,497.052,7.61431,1.508851e-04
32.500,497.028,7.61433,1.509567e-04
32.750,497.004,7.61434,1.510283e-04
33.000,496.981,7.61435,1.511001e-04
33.250,496.957,7.61436,1.511719e-04
33.500,496.934,7.61438,1.512437e-04
33.750,496.910,7.61439,1.513156e-04
34.000,496.887,7.61440,1.513876e-04
34.250,496.863,7.61442,1.514597e-04
34.500,496.839,7.61443,1.515318e-04
34.750,496.816,7.61444,1.516040e-04
35.000,496.792,7.61446,1.516763e-04
35.250,496.768,7.61447,1.517486e-04
35.500,496.745,7.61448,1.518211e-04
35.750,496.721,7.61450,1.518935e-04
36.000,496.697,7.61451,1.519661e-04
36.250,496.674,7.61452,1.520387e-04
36.500,496.650,7.61453,1.521114e-04
36.750,496.626,7.61455,1.521841e-04
37.000,496.602,7.61456,1.522569e-04
37.250,496.579,7.61457,1.523298e-04
37.500,496.555,7.61459,1.524028e-04
37.750,496.531,7.61460,1.524758e-04
38.000,496.507,7.61461,1.525489e-04
38.250,496.483,7.61463,1.526221e-04
38.500,496.460,7.61464,1.526953e-04
38.750,496.436,7.61465,1.527686e-04
39.000,496.412,7.61467,1.528420e-04
39.250,496.388,7.61468,1.529155e-04
39.500,496.364,7.61469,1.529890e-04
39.750,496.340,7.61471,1.530626e-04
40.000,496.316,7.61472,1.531362e-04
40.250,496.293,7.61473,1.532100e-04
40.500,496.269,7.61475,1.532838e-04
40.750,496.245,7.61476,1.533576e-04
41.000,496.221,7.61477,1.534316e-04
41.250,496.197,7.61479,1.535056e-04
41.500,496.173,7.61480,1.535797e-04
41.750,496.149,7.61481,1.536538e-04
42.000,496.125,7.61483,1.537280e-04
42.250,496.101,7.61484,1.538023e-04
42.500,496.077,7.61485,1.538767e-04
42.750,496.053,7.61487,1.539512e-04
43.000,496.029,7.61488,1.540257e-04
43.250,496.005,7.61489,1.541003e-04
43.500,495.981,7.61490,1.541749e-04
43.750,495.957,7.61492,1.542496e-04
44.000,495.933,7.61493,1.543244e-04
44.250,495.909,7.61494,1.543993e-04
44.500,495.885,7.61496,1.544743e-04
44.750,495.861,7.61497,1.545493e-04
45.000,495.836,7.61498,1.546244e-04
45.250,495.812,7.61500,1.546995e-04
45.500,495.788,7.61501,1.547748e-04
45.750,495.764,7.61503,1.548501e-04
46.000,495.740,7.61504,1.549254e-04
46.250,495.716,7.61505,1.550009e-04
46.500,495.692,7.61507,1.550764e-04
46.750,495.667,7.61508,1.551520e-04
47.000,495.643,7.61509,1.552277e-04
47.250,495.619,7.61511,1.553034e-04
47.500,495.595,7.61512,1.553793e-04
47.750,495.570,7.61513,1.554552e-04
48.000,495.546,7.61515,1.555311e-04
48.250,495.522,7.61516,1.556072e-04
48.500,495.498,7.61517,1.556833e-04
48.750,495.473,7.61519,1.557595e-04
49.000,495.449,7.61520,1.558357e-04
49.250,495.425,7.61521,1.559121e-04
49.500,495.400,7.61523,1.559885e-04
49.750,495.376,7.61524,1.560650e-04
50.000,495.352,7.61525,1.561415e-04
50.250,495.327,7.61527,1.562182e-04
50.500,495.303,7.61528,1.562949e-04
50.750,495.279,7.61529,1.563717e-04
51.000,495.254,7.61531,1.564485e-04
51.250,495.230,7.61532,1.565255e-04
51.500,495.205,7.61533,1.566025e-04
51.750,495.181,7.61535,1.566796e-04
52.000,495.157,7.61536,1.567567e-04
52.250,495.132,7.61538,1.568340e-04
52.500,495.108,7.61539,1.569113e-04
52.750,495.083,7.61540,1.569887e-04
53.000,495.059,7.61542,1.570661e-04
53.250,495.034,7.61543,1.571437e-04
53.500,495.010,7.61544,1.572213e-04
53.750,494.985,7.61546,1.572990e-04
54.000,494.961,7.61547,1.573768e-04
54.250,494.936,7.61548,1.574546e-04
54.500,494.911,7.61550,1.575325e-04
54.750,494.887,7.61551,1.576105e-04
55.000,494.862,7.61552,1.576886e-04
55.250,494.838,7.61554,1.577668e-04
55.500,494.813,7.61555,1.578450e-04
55.750,494.788,7.61557,1.579233e-04
56.000,494.764,7.61558,1.580017e-04
56.250,494.739,7.61559,1.580802e-04
56.500,494.715,7.61561,1.581587e-04
56.750,494.690,7.61562,1.582373e-04
57.000,494.665,7.61563,1.583160e-04
57.250,494.641,7.61565,1.583948e-04
57.500,494.616,7.61566,1.584737e-04
57.750,494.591,7.61567,1.585526e-04
58.000,494.566,7.61569,1.586316e-04
58.250,494.542,7.61570,1.587107e-04
58.500,494.517,7.61572,1.587899e-04
58.750,494.492,7.61573,1.588691e-04
59.000,494.467,7.61574,1.589484e-04
59.250,494.443,7.61576,1.590278e-04
59.500,494.418,7.61577,1.591073e-04
59.750,494.393,7.61578,1.591869e-04
60.000,494.368,7.61580,1.592665e-04
60.250,494.343,7.61581,1.593462e-04
60.500,494.318,7.61583,1.594260e-04
60.750,494.294,7.61584,1.595059e-04
61.000,494.269,7.61585,1.595859e-04
61.250,494.244,7.61587,1.596659e-04
61.500,494.219,7.61588,1.597460e-04
61.750,494.194,7.61589,1.598262e-04
62.000,494.169,7.61591,1.599065e-04
62.250,494.144,7.61592,1.599868e-04
62.500,494.119,7.61594,1.600673e-04
62.750,494.094,7.61595,1.601478e-04
63.000,494.069,7.61596,1.602284e-04
63.250,494.044,7.61598,1.603091e-04
63.500,494.019,7.61599,1.603898e-04
63.750,493.994,7.61601,1.604707e-04
64.000,493.969,7.61602,1.605516e-04
64.250,493.944,7.61603,1.606326e-04
64.500,493.919,7.61605,1.607137e-04
64.750,493.894,7.61606,1.607949e-04
65.000,493.869,7.61608,1.608761e-04
65.250,493.844,7.61609,1.609574e-04
65.500,493.819,7.61610,1.610388e-04
65.750,493.794,7.61612,1.611203e-04
66.000,493.769,7.61613,1.612019e-04
66.250,493.743,7.61614,1.612836e-04
66.500,493.718,7.61616,1.613653e-04
66.750,493.693,7.61617,1.614471e-04
67.000,493.668,7.61619,1.615290e-04
67.250,493.643,7.61620,1.616110e-04
67.500,493.617,7.61621,1.616931e-04
67.750,493.592,7.61623,1.617752e-04
68.000,493.567,7.61624,1.618575e-04
68.250,493.542,7.61626,1.619398e-04
68.500,493.517,7.61627,1.620222e-04
68.750,493.491,7.61628,1.621047e-04
69.000,493.466,7.61630,1.621873e-04
69.250,493.441,7.61631,1.622699e-04
69.500,493.415,7.61633,1.623527e-04
69.750,493.390,7.61634,1.624355e-04
70.000,493.365,7.61635,1.625184e-04
70.250,493.339,7.61637,1.626014e-04
70.500,493.314,7.61638,1.626844e-04
70.750,493.289,7.61640,1.627676e-04
71.000,493.263,7.61641,1.628509e-04
71.250,493.238,7.61642,1.629342e-04
71.500,493.213,7.61644,1.630176e-04
71.750,493.187,7.61645,1.631011e-04
72.000,493.162,7.61647,1.631847e-04
72.250,493.136,7.61648,1.632683e-04
72.500,493.111,7.61650,1.633521e-04
72.750,493.085,7.61651,1.634359e-04
73.000,493.060,7.61652,1.635199e-04
73.250,493.034,7.61654,1.636039e-04
73.500,493.009,7.61655,1.636880e-04
73.750,492.983,7.61657,1.637721e-04
74.000,492.958,7.61658,1.638564e-04
74.250,492.932,7.61659,1.639408e-04
74.500,492.907,7.61661,1.640252e-04
74.750,492.881,7.61662,1.641097e-04
75.000,492.856,7.61664,1.641944e-04
75.250,492.830,7.61665,1.642791e-04
75.500,492.804,7.61667,1.643638e-04
75.750,492.779,7.61668,1.644487e-04
76.000,492.753,7.61669,1.645337e-04
76.250,492.727,7.61671,1.646187e-04
76.500,492.702,7.61672,1.647039e-04
76.750,492.676,7.61674,1.647891e-04
77.000,492.650,7.61675,1.648744e-04
77.250,492.625,7.61676,1.649598e-04
77.500,492.599,7.61678,1.650453e-04
77.750,492.573,7.61679,1.651309e-04
78.000,492.547,7.61681,1.652165e-04
78.250,492.522,7.61682,1.653023e-04
78.500,492.496,7.61684,1.653881e-04
78.750,492.470,7.61685,1.654741e-04
79.000,492.444,7.61686,1.655601e-04
79.250,492.419,7.61688,1.656462e-04
79.500,492.393,7.61689,1.657324e-04
79.750,492.367,7.61691,1.658187e-04
80.000,492.341,7.61692,1.659051e-04
80.250,492.315,7.61694,1.659915e-04
80.500,492.289,7.61695,1.660781e-04
80.750,492.263,7.61696,1.661647e-04
81.000,492.237,7.61698,1.662515e-04
81.250,492.212,7.61699,1.663383e-04
81.500,492.186,7.61701,1.664252e-04
81.750,492.160,7.61702,1.665122e-04
82.000,492.134,7.61704,1.665993e-04
82.250,492.108,7.61705,1.666865e-04
82.500,492.082,7.61707,1.667738e-04
82.750,492.056,7.61708,1.668611e-04
83.000,492.030,7.61709,1.669486e-04
83.250,492.004,7.61711,1.670362e-04
83.500,491.978,7.61712,1.671238e-04
83.750,491.952,7.61714,1.672115e-04
84.000,491.926,7.61715,1.672994e-04
84.250,491.899,7.61717,1.673873e-04
84.500,491.873,7.61718,1.674753e-04
84.750,491.847,7.61720,1.675634e-04
85.000,491.821,7.61721,1.676516e-04
85.250,491.795,7.61722,1.677399e-04
85.500,491.769,7.61724,1.678283e-04
85.750,491.743,7.61725,1.679167e-04
86.000,491.717,7.61727,1.680053e-04
86.250,491.690,7.61728,1.680940e-04
86.500,491.664,7.61730,1.681827e-04
86.750,491.638,7.61731,1.682715e-04
87.000,491.612,7.61733,1.683605e-04
87.250,491.585,7.61734,1.684495e-04
87.500,491.559,7.61736,1.685386e-04
87.750,491.533,7.61737,1.686279e-04
88.000,491.507,7.61738,1.687172e-04
88.250,491.480,7.61740,1.688066e-04
88.500,491.454,7.61741,1.688961e-04
88.750,491.428,7.61743,1.689857e-04
89.000,491.401,7.61744,1.690754e-04
89.250,491.375,7.61746,1.691652e-04
89.500,491.349,7.61747,1.692550e-04
89.750,491.322,7.61749,1.693450e-04
90.000,491.296,7.61750,1.694351e-04
90.250,491.269,7.61752,1.695252e-04
90.500,491.243,7.61753,1.696155e-04
90.750,491.217,7.61755,1.697059e-04
91.000,491.190,7.61756,1.697963e-04
91.250,491.164,7.61757,1.698869e-04
91.500,491.137,7.61759,1.699775e-04
91.750,491.111,7.61760,1.700682e-04
92.000,491.084,7.61762,1.701591e-04
92.250,491.058,7.61763,1.702500e-04
92.500,491.031,7.61765,1.703410e-04
92.750,491.005,7.61766,1.704322e-04
93.000,490.978,7.61768,1.705234e-04
93.250,490.952,7.61769,1.706147e-04
93.500,490.925,7.61771,1.707061e-04
93.750,490.898,7.61772,1.707977e-04
94.000,490.872,7.61774,1.708893e-04
94.250,490.845,7.61775,1.709810e-04
94.500,490.818,7.61777,1.710728e-04
94.750,490.792,7.61778,1.711647e-04
95.000,490.765,7.61780,1.712567e-04
95.250,490.738,7.61781,1.713488e-04
95.500,490.712,7.61783,1.714410e-04
95.750,490.685,7.61784,1.715333e-04
96.000,490.658,7.61785,1.716257e-04
96.250,490.631,7.61787,1.717182e-04
96.500,490.605,7.61788,1.718108e-04
96.750,490.578,7.61790,1.719035e-04
97.000,490.551,7.61791,1.719963e-04
97.250,490.524,7.61793,1.720892e-04
97.500,490.498,7.61794,1.721822e-04
97.750,490.471,7.61796,1.722753e-04
98.000,490.444,7.61797,1.723685e-04
98.250,490.417,7.61799,1.724618e-04
98.500,490.390,7.61800,1.725552e-04
98.750,490.363,7.61802,1.726487e-04
99.000,490.336,7.61803,1.727423e-04
99.250,490.309,7.61805,1.728360e-04
99.500,490.282,7.61806,1.729298e-04
99.750,490.256,7.61808,1.730237e-04
100.000,490.229,7.61809,1.731177e-04
100.250,490.202,7.61811,1.732118e-04
100.500,490.175,7.61812,1.733060e-04
100.750,490.148,7.61814,1.734003e-04
101.000,490.121,7.61815,1.734948e-04
101.250,490.094,7.61817,1.735893e-04
101.500,490.067,7.61818,1.736839e-04
101.750,490.039,7.61820,1.737786e-04
102.000,490.012,7.61821,1.738734e-04
102.250,489.985,7.61823,1.739684e-04
102.500,489.958,7.61824,1.740634e-04
102.750,489.931,7.61826,1.741585e-04
103.000,489.904,7.61827,1.742537e-04
103.250,489.877,7.61829,1.743491e-04
103.500,489.850,7.61830,1.744445e-04
103.750,489.822,7.61832,1.745401e-04
104.000,489.795,7.61833,1.746357e-04
104.250,489.768,7.61835,1.747315e-04
104.500,489.741,7.61836,1.748273e-04
104.750,489.714,7.61838,1.749233e-04
105.000,489.686,7.61839,1.750194e-04
105.250,489.659,7.61841,1.751156e-04
105.500,489.632,7.61842,1.752118e-04
105.750,489.604,7.61844,1.753082e-04
106.000,489.577,7.61845,1.754047e-04
106.250,489.550,7.61847,1.755013e-04
106.500,489.522,7.61848,1.755980e-04
106.750,489.495,7.61850,1.756948e-04
107.000,489.468,7.61852,1.757917e-04
107.250,489.440,7.61853,1.758888e-04
107.500,489.413,7.61855,1.759859e-04
107.750,489.385,7.61856,1.760831e-04
108.000,489.358,7.61858,1.761805e-04
108.250,489.331,7.61859,1.762779e-04
108.500,489.303,7.61861,1.763755e-04
108.750,489.276,7.61862,1.764731e-04
109.000,489.248,7.61864,1.765709e-04
109.250,489.221,7.61865,1.766688e-04
109.500,489.193,7.61867,1.767668e-04
109.750,489.166,7.61868,1.768649e-04
110.000,489.138,7.61870,1.769631e-04
110.250,489.110,7.61871,1.770614e-04
110.500,489.083,7.61873,1.771598e-04
110.750,489.055,7.61874,1.772583e-04
111.000,489.028,7.61876,1.773570e-04
111.250,489.000,7.61877,1.774557e-04
111.500,488.972,7.61879,1.775546e-04
111.750,488.945,7.61881,1.776535e-04
112.000,488.917,7.61882,1.777526e-04
112.250,488.889,7.61884,1.778518e-04
112.500,488.862,7.61885,1.779511e-04
112.750,488.834,7.61887,1.780505e-04
113.000,488.806,7.61888,1.781500e-04
113.250,488.778,7.61890,1.782496e-04
113.500,488.751,7.61891,1.783494e-04
113.750,488.723,7.61893,1.784492e-04
114.000,488.695,7.61894,1.785492e-04
114.250,488.667,7.61896,1.786493e-04
114.500,488.639,7.61897,1.787494e-04
114.750,488.612,7.61899,1.788497e-04
115.000,488.584,7.61901,1.789502e-04
115.250,488.556,7.61902,1.790507e-04
115.500,488.528,7.61904,1.791513e-04
115.750,488.500,7.61905,1.792520e-04
116.000,488.472,7.61907,1.793529e-04
116.250,488.444,7.61908,1.794539e-04
116.500,488.416,7.61910,1.795550e-04
116.750,488.388,7.61911,1.796562e-04
117.000,488.360,7.61913,1.797575e-04
117.250,488.332,7.61914,1.798589e-04
117.500,488.304,7.61916,1.799604e-04
117.750,488.276,7.61918,1.800621e-04
118.000,488.248,7.61919,1.801639e-04
118.250,488.220,7.61921,1.802657e-04
118.500,488.192,7.61922,1.803677e-04
118.750,488.164,7.61924,1.804698e-04
119.000,488.136,7.61925,1.805721e-04
119.250,488.108,7.61927,1.806744e-04
119.500,488.080,7.61929,1.807769e-04
119.750,488.051,7.61930,1.808794e-04
120.000,488.023,7.61932,1.809821e-04
120.250,487.995,7.61933,1.810849e-04
120.500,487.967,7.61935,1.811878e-04
120.750,487.939,7.61936,1.812909e-04
121.000,487.910,7.61938,1.813940e-04
121.250,487.882,7.61939,1.814973e-04
121.500,487.854,7.61941,1.816007e-04
121.750,487.826,7.61943,1.817042e-04
122.000,487.797,7.61944,1.818078e-04
122.250,487.769,7.61946,1.819116e-04
122.500,487.741,7.61947,1.820154e-04
122.750,487.712,7.61949,1.821194e-04
123.000,487.684,7.61950,1.822235e-04
123.250,487.656,7.61952,1.823277e-04
123.500,487.627,7.61954,1.824320e-04
123.750,487.599,7.61955,1.825365e-04
124.000,487.570,7.61957,1.826410e-04
124.250,487.542,7.61958,1.827457e-04
124.500,487.513,7.61960,1.828505e-04
124.750,487.485,7.61962,1.829555e-04
125.000,487.457,7.61963,1.830605e-04
125.250,487.428,7.61965,1.831657e-04
125.500,487.399,7.61966,1.832710e-04
125.750,487.371,7.61968,1.833764e-04
126.000,487.342,7.61969,1.834819e-04
126.250,487.314,7.61971,1.835876e-04
126.500,487.285,7.61973,1.836933e-04
126.750,487.257,7.61974,1.837992e-04
127.000,487.228,7.61976,1.839052e-04
127.250,487.199,7.61977,1.840114e-04
127.500,487.171,7.61979,1.841176e-04
127.750,487.142,7.61981,1.842240e-04
128.000,487.113,7.61982,1.843305e-04
128.250,487.085,7.61984,1.844371e-04
128.500,487.056,7.61985,1.845439e-04
128.750,487.027,7.61987,1.846507e-04
129.000,486.998,7.61989,1.847577e-04
129.250,486.970,7.61990,1.848648e-04
129.500,486.941,7.61992,1.849721e-04
129.750,486.912,7.61993,1.850794e-04
130.000,486.883,7.61995,1.851869e-04
130.250,486.854,7.61997,1.852945e-04
130.500,486.826,7.61998,1.854023e-04
130.750,486.797,7.62000,1.855101e-04
131.000,486.768,7.62001,1.856181e-04
131.250,486.739,7.62003,1.857262e-04
131.500,486.710,7.62005,1.858345e-04
131.750,486.681,7.62006,1.859428e-04
132.000,486.652,7.62008,1.860513e-04
132.250,486.623,7.62009,1.861599e-04
132.500,486.594,7.62011,1.862687e-04
132.750,486.565,7.62013,1.863775e-04
133.000,486.536,7.62014,1.864865e-04
133.250,486.507,7.62016,1.865956e-04
133.500,486.478,7.62017,1.867049e-04
133.750,486.449,7.62019,1.868143e-04
134.000,486.420,7.62021,1.869238e-04
134.250,486.391,7.62022,1.870334e-04
134.500,486.362,7.62024,1.871432e-04
134.750,486.332,7.62025,1.872530e-04
135.000,486.303,7.62027,1.873631e-04
135.250,486.274,7.62029,1.874732e-04
135.500,486.245,7.62030,1.875835e-04
135.750,486.216,7.62032,1.876939e-04
136.000,486.187,7.62034,1.878044e-04
136.250,486.157,7.62035,1.879151e-04
136.500,486.128,7.62037,1.880258e-04
136.750,486.099,7.62038,1.881368e-04
137.000,486.069,7.62040,1.882478e-04
137.250,486.040,7.62042,1.883590e-04
137.500,486.011,7.62043,1.884703e-04
137.750,485.982,7.62045,1.885817e-04
138.000,485.952,7.62047,1.886933e-04
138.250,485.923,7.62048,1.888050e-04
138.500,485.893,7.62050,1.889168e-04
138.750,485.864,7.62051,1.890288e-04
139.000,485.835,7.62053,1.891409e-04
139.250,485.805,7.62055,1.892531e-04
139.500,485.776,7.62056,1.893655e-04
139.750,485.746,7.62058,1.894780e-04
140.000,485.717,7.62060,1.895906e-04
140.250,485.687,7.62061,1.897034e-04
140.500,485.658,7.62063,1.898163e-04
140.750,485.628,7.62065,1.899293e-04
141.000,485.599,7.62066,1.900425e-04
141.250,485.569,7.62068,1.901558e-04
141.500,485.539,7.62070,1.902692e-04
141.750,485.510,7.62071,1.903828e-04
142.000,485.480,7.62073,1.904965e-04
142.250,485.450,7.62074,1.906103e-04
142.500,485.421,7.62076,1.907243e-04
142.750,485.391,7.62078,1.908384e-04
143.000,485.361,7.62079,1.909526e-04
143.250,485.332,7.62081,1.910670e-04
143.500,485.302,7.62083,1.911815e-04
143.750,485.272,7.62084,1.912962e-04
144.000,485.242,7.62086,1.914110e-04
144.250,485.213,7.62088,1.915259e-04
144.500,485.183,7.62089,1.916410e-04
144.750,485.153,7.62091,1.917562e-04
145.000,485.123,7.62093,1.918715e-04
145.250,485.093,7.62094,1.919870e-04
145.500,485.063,7.62096,1.921026e-04
145.750,485.033,7.62098,1.922184e-04
146.000,485.003,7.62099,1.923343e-04
146.250,484.974,7.62101,1.924503e-04
146.500,484.944,7.62103,1.925665e-04
146.750,484.914,7.62104,1.926828e-04
147.000,484.884,7.62106,1.927992e-04
147.250,484.854,7.62108,1.929158e-04
147.500,484.824,7.62109,1.930326e-04
147.750,484.794,7.62111,1.931494e-04
148.000,484.763,7.62113,1.932664e-04
148.250,484.733,7.62114,1.933836e-04
148.500,484.703,7.62116,1.935009e-04
148.750,484.673,7.62118,1.936183e-04
149.000,484.643,7.62119,1.937359e-04
149.250,484.613,7.62121,1.938536e-04
149.500,484.583,7.62123,1.939715e-04
149.750,484.553,7.62124,1.940895e-04
150.000,484.522,7.62126,1.942077e-04
150.250,484.492,7.62128,1.943259e-04
150.500,484.462,7.62129,1.944444e-04
150.750,484.432,7.62131,1.945630e-04
151.000,484.401,7.62133,1.946817e-04
151.250,484.371,7.62134,1.948006e-04
151.500,484.341,7.62136,1.949196e-04
151.750,484.310,7.62138,1.950387e-04
152.000,484.280,7.62139,1.951580e-04
152.250,484.250,7.62141,1.952775e-04
152.500,484.219,7.62143,1.953971e-04
152.750,484.189,7.62144,1.955168e-04
153.000,484.158,7.62146,1.956367e-04
153.250,484.128,7.62148,1.957567e-04
153.500,484.098,7.62150,1.958769e-04
153.750,484.067,7.62151,1.959972e-04
154.000,484.037,7.62153,1.961177e-04
154.250,484.006,7.62155,1.962383e-04
154.500,483.975,7.62156,1.963591e-04
154.750,483.945,7.62158,1.964800e-04
155.000,483.914,7.62160,1.966011e-04
155.250,483.884,7.62161,1.967223e-04
155.500,483.853,7.62163,1.968436e-04
155.750,483.822,7.62165,1.969651e-04
156.000,483.792,7.62167,1.970868e-04
156.250,483.761,7.62168,1.972086e-04
156.500,483.730,7.62170,1.973306e-04
156.750,483.700,7.62172,1.974527e-04
157.000,483.669,7.62173,1.975749e-04
157.250,483.638,7.62175,1.976973e-04
157.500,483.608,7.62177,1.978199e-04
157.750,483.577,7.62178,1.979426e-04
158.000,483.546,7.62180,1.980655e-04
158.250,483.515,7.62182,1.981885e-04
158.500,483.484,7.62184,1.983116e-04
158.750,483.453,7.62185,1.984350e-04
159.000,483.423,7.62187,1.985584e-04
159.250,483.392,7.62189,1.986821e-04
159.500,483.361,7.62190,1.988058e-04
159.750,483.330,7.62192,1.989298e-04
160.000,483.299,7.62194,1.990538e-04
160.250,483.268,7.62196,1.991781e-04
160.500,483.237,7.62197,1.993025e-04
160.750,483.206,7.62199,1.994270e-04
161.000,483.175,7.62201,1.995517e-04
161.250,483.144,7.62203,1.996766e-04
161.500,483.113,7.62204,1.998016e-04
161.750,483.082,7.62206,1.999268e-04
162.000,483.051,7.62208,2.000521e-04
162.250,483.019,7.62209,2.001776e-04
162.500,482.988,7.62211,2.003032e-04
162.750,482.957,7.62213,2.004290e-04
163.000,482.926,7.62215,2.005550e-04
163.250,482.895,7.62216,2.006811e-04
163.500,482.864,7.62218,2.008073e-04
163.750,482.832,7.62220,2.009338e-04
164.000,482.801,7.62222,2.010603e-04
164.250,482.770,7.62223,2.011871e-04
164.500,482.738,7.62225,2.013140e-04
164.750,482.707,7.62227,2.014411e-04
165.000,482.676,7.62229,2.015683e-04
165.250,482.644,7.62230,2.016957e-04
165.500,482.613,7.62232,2.018232e-04
165.750,482.582,7.62234,2.019509e-04
166.000,482.550,7.62236,2.020788e-04
166.250,482.519,7.62237,2.022068e-04
166.500,482.487,7.62239,2.023350e-04
166.750,482.456,7.62241,2.024633e-04
167.000,482.424,7.62242,2.025918e-04
167.250,482.393,7.62244,2.027205e-04
167.500,482.361,7.62246,2.028493e-04
167.750,482.330,7.62248,2.029783e-04
168.000,482.298,7.62250,2.031075e-04
168.250,482.267,7.62251,2.032368e-04
168.500,482.235,7.62253,2.033663e-04
168.750,482.203,7.62255,2.034959e-04
169.000,482.172,7.62257,2.036258e-04
169.250,482.140,7.62258,2.037557e-04
169.500,482.108,7.62260,2.038859e-04
169.750,482.077,7.62262,2.040162e-04
170.000,482.045,7.62264,2.041467e-04
170.250,482.013,7.62265,2.042773e-04
170.500,481.981,7.62267,2.044081e-04
170.750,481.950,7.62269,2.045391e-04
171.000,481.918,7.62271,2.046703e-04
171.250,481.886,7.62272,2.048016e-04
171.500,481.854,7.62274,2.049330e-04
171.750,481.822,7.62276,2.050647e-04
172.000,481.790,7.62278,2.051965e-04
172.250,481.758,7.62279,2.053285e-04
172.500,481.726,7.62281,2.054606e-04
172.750,481.694,7.62283,2.055930e-04
173.000,481.662,7.62285,2.057255e-04
173.250,481.630,7.62287,2.058581e-04
173.500,481.598,7.62288,2.059909e-04
173.750,481.566,7.62290,2.061239e-04
174.000,481.534,7.62292,2.062571e-04
174.250,481.502,7.62294,2.063905e-04
174.500,481.470,7.62296,2.065240e-04
174.750,481.438,7.62297,2.066577e-04
175.000,481.406,7.62299,2.067915e-04
175.250,481.374,7.62301,2.069256e-04
175.500,481.342,7.62303,2.070598e-04
175.750,481.309,7.62304,2.071941e-04
176.000,481.277,7.62306,2.073287e-04
176.250,481.245,7.62308,2.074634e-04
176.500,481.213,7.62310,2.075983e-04
176.750,481.180,7.62312,2.077334e-04
177.000,481.148,7.62313,2.078687e-04
177.250,481.116,7.62315,2.080041e-04
177.500,481.083,7.62317,2.081397e-04
177.750,481.051,7.62319,2.082755e-04
178.000,481.019,7.62321,2.084114e-04
178.250,480.986,7.62322,2.085475e-04
178.500,480.954,7.62324,2.086838e-04
178.750,480.921,7.62326,2.088203e-04
179.000,480.889,7.62328,2.089570e-04
179.250,480.856,7.62330,2.090938e-04
179.500,480.824,7.62331,2.092309e-04
179.750,480.791,7.62333,2.093680e-04
180.000,480.759,7.62335,2.095054e-04
180.250,480.726,7.62337,2.096430e-04
180.500,480.693,7.62339,2.097807e-04
180.750,480.661,7.62340,2.099186e-04
181.000,480.628,7.62342,2.100567e-04
181.250,480.596,7.62344,2.101950e-04
181.500,480.563,7.62346,2.103335e-04
181.750,480.530,7.62348,2.104721e-04
182.000,480.497,7.62350,2.106109e-04
182.250,480.465,7.62351,2.107499e-04
182.500,480.432,7.62353,2.108891e-04
182.750,480.399,7.62355,2.110285e-04
183.000,480.366,7.62357,2.111680e-04
183.250,480.333,7.62359,2.113078e-04
183.500,480.301,7.62361,2.114477e-04
183.750,480.268,7.62362,2.115878e-04
184.000,480.235,7.62364,2.117281e-04
184.250,480.202,7.62366,2.118686e-04
184.500,480.169,7.62368,2.120092e-04
184.750,480.136,7.62370,2.121501e-04
185.000,480.103,7.62371,2.122911e-04
185.250,480.070,7.62373,2.124323e-04
185.500,480.037,7.62375,2.125737e-04
185.750,480.004,7.62377,2.127153e-04
186.000,479.971,7.62379,2.128571e-04
186.250,479.938,7.62381,2.129991e-04
186.500,479.905,7.62383,2.131412e-04
186.750,479.871,7.62384,2.132836e-04
187.000,479.838,7.62386,2.134261e-04
187.250,479.805,7.62388,2.135688e-04
187.500,479.772,7.62390,2.137117e-04
187.750,479.739,7.62392,2.138549e-04
188.000,479.705,7.62394,2.139981e-04
188.250,479.672,7.62395,2.141416e-04
188.500,479.639,7.62397,2.142853e-04
188.750,479.606,7.62399,2.144292e-04
189.000,479.572,7.62401,2.145733e-04
189.250,479.539,7.62403,2.147175e-04
189.500,479.506,7.62405,2.148620e-04
189.750,479.472,7.62407,2.150066e-04
190.000,479.439,7.62408,2.151514e-04
190.250,479.405,7.62410,2.152965e-04
190.500,479.372,7.62412,2.154417e-04
190.750,479.338,7.62414,2.155871e-04
191.000,479.305,7.62416,2.157327e-04
191.250,479.271,7.62418,2.158785e-04
191.500,479.238,7.62420,2.160245e-04
191.750,479.204,7.62421,2.161707e-04
192.000,479.170,7.62423,2.163171e-04
192.250,479.137,7.62425,2.164637e-04
192.500,479.103,7.62427,2.166105e-04
192.750,479.069,7.62429,2.167575e-04
193.000,479.036,7.62431,2.169047e-04
193.250,479.002,7.62433,2.170521e-04
193.500,478.968,7.62435,2.171997e-04
193.750,478.935,7.62436,2.173475e-04
194.000,478.901,7.62438,2.174955e-04
194.250,478.867,7.62440,2.176437e-04
194.500,478.833,7.62442,2.177921e-04
194.750,478.799,7.62444,2.179407e-04
195.000,478.765,7.62446,2.180895e-04
195.250,478.732,7.62448,2.182385e-04
195.500,478.698,7.62450,2.183877e-04
195.750,478.664,7.62452,2.185371e-04
196.000,478.630,7.62453,2.186867e-04
196.250,478.596,7.62455,2.188365e-04
196.500,478.562,7.62457,2.189865e-04
196.750,478.528,7.62459,2.191367e-04
197.000,478.494,7.62461,2.192871e-04
197.250,478.459,7.62463,2.194378e-04
197.500,478.425,7.62465,2.195886e-04
197.750,478.391,7.62467,2.197396e-04
198.000,478.357,7.62469,2.198909e-04
198.250,478.323,7.62470,2.200424e-04
198.500,478.289,7.62472,2.201940e-04
198.750,478.254,7.62474,2.203459e-04
199.000,478.220,7.62476,2.204980e-04
199.250,478.186,7.62478,2.206503e-04
199.500,478.152,7.62480,2.208028e-04
199.750,478.117,7.62482,2.209555e-04
200.000,478.083,7.62484,2.211084e-04
200.250,478.049,7.62486,2.212615e-04
200.500,478.014,7.62488,2.214149e-04
200.750,477.980,7.62490,2.215684e-04
201.000,477.945,7.62491,2.217222e-04
201.250,477.911,7.62493,2.218762e-04
201.500,477.876,7.62495,2.220303e-04
201.750,477.842,7.62497,2.221847e-04
202.000,477.807,7.62499,2.223394e-04
202.250,477.773,7.62501,2.224942e-04
202.500,477.738,7.62503,2.226492e-04
202.750,477.704,7.62505,2.228045e-04
203.000,477.669,7.62507,2.229600e-04
203.250,477.634,7.62509,2.231157e-04
203.500,477.600,7.62511,2.232716e-04
203.750,477.565,7.62513,2.234277e-04
204.000,477.530,7.62515,2.235840e-04
204.250,477.496,7.62516,2.237406e-04
204.500,477.461,7.62518,2.238974e-04
204.750,477.426,7.62520,2.240544e-04
205.000,477.391,7.62522,2.242116e-04
205.250,477.356,7.62524,2.243690e-04
205.500,477.321,7.62526,2.245267e-04
205.750,477.287,7.62528,2.246846e-04
206.000,477.252,7.62530,2.248427e-04
206.250,477.217,7.62532,2.250010e-04
206.500,477.182,7.62534,2.251595e-04
206.750,477.147,7.62536,2.253183e-04
207.000,477.112,7.62538,2.254773e-04
207.250,477.077,7.62540,2.256365e-04
207.500,477.042,7.62542,2.257959e-04
207.750,477.007,7.62544,2.259556e-04
208.000,476.971,7.62546,2.261154e-04
208.250,476.936,7.62548,2.262756e-04
208.500,476.901,7.62550,2.264359e-04
208.750,476.866,7.62551,2.265964e-04
209.000,476.831,7.62553,2.267572e-04
209.250,476.796,7.62555,2.269182e-04
209.500,476.760,7.62557,2.270795e-04
209.750,476.725,7.62559,2.272410e-04
210.000,476.690,7.62561,2.274027e-04
210.250,476.654,7.62563,2.275646e-04
210.500,476.619,7.62565,2.277267e-04
210.750,476.584,7.62567,2.278891e-04
211.000,476.548,7.62569,2.280517e-04
211.250,476.513,7.62571,2.282146e-04
211.500,476.477,7.62573,2.283777e-04
211.750,476.442,7.62575,2.285410e-04
212.000,476.406,7.62577,2.287045e-04
212.250,476.371,7.62579,2.288683e-04
212.500,476.335,7.62581,2.290323e-04
212.750,476.300,7.62583,2.291965e-04
213.000,476.264,7.62585,2.293610e-04
213.250,476.228,7.62587,2.295257e-04
213.500,476.193,7.62589,2.296907e-04
213.750,476.157,7.62591,2.298559e-04
214.000,476.121,7.62593,2.300213e-04
214.250,476.086,7.62595,2.301869e-04
214.500,476.050,7.62597,2.303528e-04
214.750,476.014,7.62599,2.305190e-04
215.000,475.978,7.62601,2.306853e-04
215.250,475.942,7.62603,2.308519e-04
215.500,475.907,7.62605,2.310188e-04
215.750,475.871,7.62607,2.311859e-04
216.000,475.835,7.62609,2.313532e-04
216.250,475.799,7.62611,2.315208e-04
216.500,475.763,7.62613,2.316886e-04
216.750,475.727,7.62615,2.318567e-04
217.000,475.691,7.62617,2.320250e-04
217.250,475.655,7.62619,2.321935e-04
217.500,475.619,7.62621,2.323623e-04
217.750,475.583,7.62623,2.325313e-04
218.000,475.547,7.62625,2.327006e-04
218.250,475.510,7.62627,2.328701e-04
218.500,475.474,7.62629,2.330399e-04
218.750,475.438,7.62631,2.332099e-04
219.000,475.402,7.62633,2.333801e-04
219.250,475.366,7.62635,2.335506e-04
219.500,475.329,7.62637,2.337214e-04
219.750,475.293,7.62639,2.338924e-04
220.000,475.257,7.62641,2.340637e-04
220.250,475.220,7.62643,2.342352e-04
220.500,475.184,7.62645,2.344069e-04
220.750,475.147,7.62647,2.345789e-04
221.000,475.111,7.62649,2.347512e-04
221.250,475.075,7.62651,2.349237e-04
221.500,475.038,7.62653,2.350964e-04
221.750,475.002,7.62655,2.352694e-04
222.000,474.965,7.62657,2.354427e-04
222.250,474.928,7.62659,2.356162e-04
222.500,474.892,7.62661,2.357900e-04
222.750,474.855,7.62663,2.359640e-04
223.000,474.819,7.62665,2.361383e-04
223.250,474.782,7.62667,2.363128e-04
223.500,474.745,7.62669,2.364876e-04
223.750,474.708,7.62672,2.366627e-04
224.000,474.672,7.62674,2.368380e-04
224.250,474.635,7.62676,2.370136e-04
224.500,474.598,7.62678,2.371894e-04
224.750,474.561,7.62680,2.373655e-04
225.000,474.524,7.62682,2.375418e-04
225.250,474.488,7.62684,2.377184e-04
225.500,474.451,7.62686,2.378953e-04
225.750,474.414,7.62688,2.380724e-04
226.000,474.377,7.62690,2.382498e-04
226.250,474.340,7.62692,2.384275e-04
226.500,474.303,7.62694,2.386054e-04
226.750,474.266,7.62696,2.387836e-04
227.000,474.229,7.62698,2.389620e-04
227.250,474.191,7.62700,2.391408e-04
227.500,474.154,7.62702,2.393197e-04
227.750,474.117,7.62704,2.394990e-04
228.000,474.080,7.62706,2.396785e-04
228.250,474.043,7.62709,2.398583e-04
228.500,474.005,7.62711,2.400383e-04
228.750,473.968,7.62713,2.402187e-04
229.000,473.931,7.62715,2.403993e-04
229.250,473.894,7.62717,2.405801e-04
229.500,473.856,7.62719,2.407613e-04
229.750,473.819,7.62721,2.409427e-04
230.000,473.781,7.62723,2.411243e-04
230.250,473.744,7.62725,2.413063e-04
230.500,473.706,7.62727,2.414885e-04
230.750,473.669,7.62729,2.416710e-04
231.000,473.631,7.62731,2.418538e-04
231.250,473.594,7.62734,2.420368e-04
231.500,473.556,7.62736,2.422201e-04
231.750,473.519,7.62738,2.424037e-04
232.000,473.481,7.62740,2.425876e-04
232.250,473.443,7.62742,2.427718e-04
232.500,473.406,7.62744,2.429562e-04
232.750,473.368,7.62746,2.431409e-04
233.000,473.330,7.62748,2.433259e-04
233.250,473.292,7.62750,2.435112e-04
233.500,473.255,7.62752,2.436967e-04
233.750,473.217,7.62755,2.438825e-04
234.000,473.179,7.62757,2.440687e-04
234.250,473.141,7.62759,2.442551e-04
234.500,473.103,7.62761,2.444417e-04
234.750,473.065,7.62763,2.446287e-04
235.000,473.027,7.62765,2.448159e-04
235.250,472.989,7.62767,2.450035e-04
235.500,472.951,7.62769,2.451913e-04
235.750,472.913,7.62771,2.453794e-04
236.000,472.875,7.62774,2.455678e-04
236.250,472.837,7.62776,2.457565e-04
236.500,472.799,7.62778,2.459454e-04
236.750,472.761,7.62780,2.461347e-04
237.000,472.722,7.62782,2.463243e-04
237.250,472.684,7.62784,2.465141e-04
237.500,472.646,7.62786,2.467042e-04
237.750,472.608,7.62788,2.468947e-04
238.000,472.569,7.62791,2.470854e-04
238.250,472.531,7.62793,2.472764e-04
238.500,472.492,7.62795,2.474677e-04
238.750,472.454,7.62797,2.476593e-04
239.000,472.416,7.62799,2.478512e-04
239.250,472.377,7.62801,2.480434e-04
239.500,472.339,7.62803,2.482358e-04
239.750,472.300,7.62806,2.484286e-04
240.000,472.262,7.62808,2.486217e-04
240.250,472.223,7.62810,2.488151e-04
240.500,472.184,7.62812,2.490088e-04
240.750,472.146,7.62814,2.492027e-04
241.000,472.107,7.62816,2.493970e-04
241.250,472.068,7.62818,2.495916e-04
241.500,472.030,7.62821,2.497865e-04
241.750,471.991,7.62823,2.499817e-04
242.000,471.952,7.62825,2.501772e-04
242.250,471.913,7.62827,2.503730e-04
242.500,471.874,7.62829,2.505691e-04
242.750,471.835,7.62831,2.507655e-04
243.000,471.796,7.62834,2.509622e-04
243.250,471.757,7.62836,2.511592e-04
243.500,471.718,7.62838,2.513565e-04
243.750,471.679,7.62840,2.515542e-04
244.000,471.640,7.62842,2.517521e-04
244.250,471.601,7.62844,2.519504e-04
244.500,471.562,7.62847,2.521489e-04
244.750,471.523,7.62849,2.523478e-04
245.000,471.484,7.62851,2.525470e-04
245.250,471.445,7.62853,2.527465e-04
245.500,471.406,7.62855,2.529463e-04
245.750,471.366,7.62858,2.531464e-04
246.000,471.327,7.62860,2.533469e-04
246.250,471.288,7.62862,2.535476e-04
246.500,471.248,7.62864,2.537487e-04
246.750,471.209,7.62866,2.539501e-04
247.000,471.170,7.62869,2.541518e-04
247.250,471.130,7.62871,2.543539e-04
247.500,471.091,7.62873,2.545562e-04
247.750,471.051,7.62875,2.547589e-04
248.000,471.012,7.62877,2.549619e-04
248.250,470.972,7.62880,2.551652e-04
248.500,470.932,7.62882,2.553688e-04
248.750,470.893,7.62884,2.555728e-04
249.000,470.853,7.62886,2.557771e-04
249.250,470.813,7.62888,2.559817e-04
249.500,470.774,7.62891,2.561866e-04
249.750,470.734,7.62893,2.563919e-04
250.000,470.694,7.62895,2.565975e-04
250.250,470.654,7.62897,2.568034e-04
250.500,470.614,7.62899,2.570097e-04
250.750,470.575,7.62902,2.572162e-04
251.000,470.535,7.62904,2.574231e-04
251.250,470.495,7.62906,2.576304e-04
251.500,470.455,7.62908,2.578380e-04
251.750,470.415,7.62911,2.580459e-04
252.000,470.375,7.62913,2.582541e-04
252.250,470.335,7.62915,2.584627e-04
252.500,470.295,7.62917,2.586716e-04
252.750,470.254,7.62919,2.588808e-04
253.000,470.214,7.62922,2.590904e-04
253.250,470.174,7.62924,2.593003e-04
253.500,470.134,7.62926,2.595106e-04
253.750,470.094,7.62928,2.597212e-04
254.000,470.053,7.62931,2.599321e-04
254.250,470.013,7.62933,2.601434e-04
254.500,469.973,7.62935,2.603550e-04
254.750,469.932,7.62937,2.605670e-04
255.000,469.892,7.62940,2.607793e-04
255.250,469.851,7.62942,2.609920e-04
255.500,469.811,7.62944,2.612050e-04
255.750,469.770,7.62946,2.614183e-04
256.000,469.730,7.62949,2.616320e-04
256.250,469.689,7.62951,2.618460e-04
256.500,469.648,7.62953,2.620604e-04
256.750,469.608,7.62956,2.622751e-04
257.000,469.567,7.62958,2.624902e-04
257.250,469.526,7.62960,2.627057e-04
257.500,469.486,7.62962,2.629215e-04
257.750,469.445,7.62965,2.631376e-04
258.000,469.404,7.62967,2.633541e-04
258.250,469.363,7.62969,2.635709e-04
258.500,469.322,7.62971,2.637882e-04
258.750,469.281,7.62974,2.640057e-04
259.000,469.240,7.62976,2.642236e-04
259.250,469.199,7.62978,2.644419e-04
259.500,469.158,7.62981,2.646605e-04
259.750,469.117,7.62983,2.648795e-04
260.000,469.076,7.62985,2.650989e-04
260.250,469.035,7.62987,2.653186e-04
260.500,468.994,7.62990,2.655387e-04
260.750,468.953,7.62992,2.657591e-04
261.000,468.912,7.62994,2.659800e-04
261.250,468.870,7.62997,2.662011e-04
261.500,468.829,7.62999,2.664227e-04
261.750,468.788,7.63001,2.666446e-04
262.000,468.746,7.63003,2.668669e-04
262.250,468.705,7.63006,2.670895e-04
262.500,468.663,7.63008,2.673125e-04
262.750,468.622,7.63010,2.675359e-04
263.000,468.581,7.63013,2.677596e-04
263.250,468.539,7.63015,2.679838e-04
263.500,468.497,7.63017,2.682083e-04
263.750,468.456,7.63020,2.684332e-04
264.000,468.414,7.63022,2.686584e-04
264.250,468.373,7.63024,2.688840e-04
264.500,468.331,7.63027,2.691100e-04
264.750,468.289,7.63029,2.693364e-04
265.000,468.247,7.63031,2.695632e-04
265.250,468.205,7.63034,2.697903e-04
265.500,468.164,7.63036,2.700179e-04
265.750,468.122,7.63038,2.702458e-04
266.000,468.080,7.63041,2.704741e-04
266.250,468.038,7.63043,2.707027e-04
266.500,467.996,7.63045,2.709318e-04
266.750,467.954,7.63048,2.711612e-04
267.000,467.912,7.63050,2.713911e-04
267.250,467.870,7.63052,2.716213e-04
267.500,467.828,7.63055,2.718519e-04
267.750,467.785,7.63057,2.720829e-04
268.000,467.743,7.63059,2.723143e-04
268.250,467.701,7.63062,2.725460e-04
268.500,467.659,7.63064,2.727782e-04
268.750,467.616,7.63066,2.730108e-04
269.000,467.574,7.63069,2.732437e-04
269.250,467.532,7.63071,2.734771e-04
269.500,467.489,7.63074,2.737108e-04
269.750,467.447,7.63076,2.739450e-04
270.000,467.404,7.63078,2.741795e-04
270.250,467.362,7.63081,2.744145e-04
270.500,467.319,7.63083,2.746498e-04
270.750,467.277,7.63085,2.748856e-04
271.000,467.234,7.63088,2.751218e-04
271.250,467.191,7.63090,2.753583e-04
271.500,467.149,7.63093,2.755953e-04
271.750,467.106,7.63095,2.758326e-04
272.000,467.063,7.63097,2.760704e-04
272.250,467.020,7.63100,2.763086e-04
272.500,466.978,7.63102,2.765472e-04
272.750,466.935,7.63104,2.767862e-04
273.000,466.892,7.63107,2.770256e-04
273.250,466.849,7.63109,2.772654e-04
273.500,466.806,7.63112,2.775057e-04
273.750,466.763,7.63114,2.777463e-04
274.000,466.720,7.63116,2.779874e-04
274.250,466.677,7.63119,2.782289e-04
274.500,466.634,7.63121,2.784708e-04
274.750,466.590,7.63124,2.787131e-04
275.000,466.547,7.63126,2.789559e-04
275.250,466.504,7.63128,2.791990e-04
275.500,466.461,7.63131,2.794426e-04
275.750,466.417,7.63133,2.796866e-04
276.000,466.374,7.63136,2.799311e-04
276.250,466.331,7.63138,2.801759e-04
276.500,466.287,7.63141,2.804212e-04
276.750,466.244,7.63143,2.806669e-04
277.000,466.200,7.63145,2.809131e-04
277.250,466.157,7.63148,2.811596e-04
277.500,466.113,7.63150,2.814066e-04
277.750,466.069,7.63153,2.816541e-04
278.000,466.026,7.63155,2.819019e-04
278.250,465.982,7.63158,2.821502e-04
278.500,465.938,7.63160,2.823990e-04
278.750,465.894,7.63162,2.826481e-04
279.000,465.851,7.63165,2.828978e-04
279.250,465.807,7.63167,2.831478e-04
279.500,465.763,7.63170,2.833983e-04
279.750,465.719,7.63172,2.836492e-04
280.000,465.675,7.63175,2.839006e-04
280.250,465.631,7.63177,2.841524e-04
280.500,465.587,7.63180,2.844047e-04
280.750,465.543,7.63182,2.846574e-04
281.000,465.499,7.63185,2.849105e-04
281.250,465.455,7.63187,2.851641e-04
281.500,465.410,7.63189,2.854182e-04
281.750,465.366,7.63192,2.856727e-04
282.000,465.322,7.63194,2.859276e-04
282.250,465.278,7.63197,2.861831e-04
282.500,465.233,7.63199,2.864389e-04
282.750,465.189,7.63202,2.866952e-04
283.000,465.144,7.63204,2.869520e-04
283.250,465.100,7.63207,2.872092e-04
283.500,465.055,7.63209,2.874669e-04
283.750,465.011,7.63212,2.877251e-04
284.000,464.966,7.63214,2.879837e-04
284.250,464.922,7.63217,2.882428e-04
284.500,464.877,7.63219,2.885023e-04
284.750,464.832,7.63222,2.887623e-04
285.000,464.787,7.63224,2.890228e-04
285.250,464.743,7.63227,2.892837e-04
285.500,464.698,7.63229,2.895451e-04
285.750,464.653,7.63232,2.898070e-04
286.000,464.608,7.63234,2.900694e-04
286.250,464.563,7.63237,2.903322e-04
286.500,464.518,7.63239,2.905955e-04
286.750,464.473,7.63242,2.908592e-04
287.000,464.428,7.63244,2.911235e-04
287.250,464.383,7.63247,2.913882e-04
287.500,464.338,7.63249,2.916534e-04
287.750,464.292,7.63252,2.919191e-04
288.000,464.247,7.63254,2.921853e-04
288.250,464.202,7.63257,2.924519e-04
288.500,464.157,7.63259,2.927191e-04
288.750,464.111,7.63262,2.929867e-04
289.000,464.066,7.63264,2.932548e-04
289.250,464.020,7.63267,2.935234e-04
289.500,463.975,7.63269,2.937925e-04
289.750,463.929,7.63272,2.940621e-04
290.000,463.884,7.63275,2.943321e-04
290.250,463.838,7.63277,2.946027e-04
290.500,463.793,7.63280,2.948737e-04
290.750,463.747,7.63282,2.951453e-04
291.000,463.701,7.63285,2.954174e-04
291.250,463.655,7.63287,2.956899e-04
291.500,463.610,7.63290,2.959630e-04
291.750,463.564,7.63292,2.962365e-04
292.000,463.518,7.63295,2.965106e-04
292.250,463.472,7.63298,2.967851e-04
292.500,463.426,7.63300,2.970602e-04
292.750,463.380,7.63303,2.973358e-04
293.000,463.334,7.63305,2.976119e-04
293.250,463.288,7.63308,2.978885e-04
293.500,463.242,7.63310,2.981656e-04
293.750,463.195,7.63313,2.984432e-04
294.000,463.149,7.63316,2.987213e-04
294.250,463.103,7.63318,2.990000e-04
294.500,463.057,7.63321,2.992792e-04
294.750,463.010,7.63323,2.995589e-04
295.000,462.964,7.63326,2.998391e-04
295.250,462.917,7.63328,3.001198e-04
295.500,462.871,7.63331,3.004010e-04
295.750,462.824,7.63334,3.006828e-04
296.000,462.778,7.63336,3.009651e-04
296.250,462.731,7.63339,3.012480e-04
296.500,462.684,7.63341,3.015313e-04
296.750,462.638,7.63344,3.018152e-04
297.000,462.591,7.63347,3.020996e-04
297.250,462.544,7.63349,3.023846e-04
297.500,462.497,7.63352,3.026701e-04
297.750,462.450,7.63355,3.029561e-04
298.000,462.403,7.63357,3.032427e-04
298.250,462.356,7.63360,3.035298e-04
298.500,462.309,7.63362,3.038175e-04
298.750,462.262,7.63365,3.041057e-04
299.000,462.215,7.63368,3.043944e-04
299.250,462.168,7.63370,3.046837e-04
299.500,462.121,7.63373,3.049735e-04
299.750,462.074,7.63376,3.052639e-04
300.000,462.026,7.63378,3.055548e-04
300.250,461.979,7.63381,3.058463e-04
300.500,461.932,7.63383,3.061383e-04
300.750,461.884,7.63386,3.064309e-04
301.000,461.837,7.63389,3.067241e-04
301.250,461.789,7.63391,3.070178e-04
301.500,461.742,7.63394,3.073120e-04
301.750,461.694,7.63397,3.076069e-04
302.000,461.647,7.63399,3.079022e-04
302.250,461.599,7.63402,3.081982e-04
302.500,461.551,7.63405,3.084947e-04
302.750,461.503,7.63407,3.087918e-04
303.000,461.456,7.63410,3.090895e-04
303.250,461.408,7.63413,3.093877e-04
303.500,461.360,7.63415,3.096865e-04
303.750,461.312,7.63418,3.099859e-04
304.000,461.264,7.63421,3.102858e-04
304.250,461.216,7.63423,3.105864e-04
304.500,461.168,7.63426,3.108875e-04
304.750,461.119,7.63429,3.111892e-04
305.000,461.071,7.63432,3.114914e-04
305.250,461.023,7.63434,3.117943e-04
305.500,460.975,7.63437,3.120978e-04
305.750,460.926,7.63440,3.124018e-04
306.000,460.878,7.63442,3.127064e-04
306.250,460.830,7.63445,3.130116e-04
306.500,460.781,7.63448,3.133174e-04
306.750,460.733,7.63450,3.136238e-04
307.000,460.684,7.63453,3.139308e-04
307.250,460.635,7.63456,3.142384e-04
307.500,460.587,7.63459,3.145466e-04
307.750,460.538,7.63461,3.148554e-04
308.000,460.489,7.63464,3.151648e-04
308.250,460.441,7.63467,3.154748e-04
308.500,460.392,7.63469,3.157855e-04
308.750,460.343,7.63472,3.160967e-04
309.000,460.294,7.63475,3.164085e-04
309.250,460.245,7.63478,3.167210e-04
309.500,460.196,7.63480,3.170340e-04
309.750,460.147,7.63483,3.173477e-04
310.000,460.098,7.63486,3.176620e-04
310.250,460.048,7.63489,3.179769e-04
310.500,459.999,7.63491,3.182925e-04
310.750,459.950,7.63494,3.186086e-04
311.000,459.901,7.63497,3.189254e-04
311.250,459.851,7.63500,3.192428e-04
311.500,459.802,7.63502,3.195609e-04
311.750,459.752,7.63505,3.198795e-04
312.000,459.703,7.63508,3.201988e-04
312.250,459.653,7.63511,3.205188e-04
312.500,459.604,7.63513,3.208394e-04
312.750,459.554,7.63516,3.211606e-04
313.000,459.504,7.63519,3.214824e-04
313.250,459.454,7.63522,3.218049e-04
313.500,459.405,7.63525,3.221281e-04
313.750,459.355,7.63527,3.224519e-04
314.000,459.305,7.63530,3.227763e-04
314.250,459.255,7.63533,3.231014e-04
314.500,459.205,7.63536,3.234271e-04
314.750,459.155,7.63539,3.237535e-04
315.000,459.105,7.63541,3.240806e-04
315.250,459.054,7.63544,3.244083e-04
315.500,459.004,7.63547,3.247366e-04
315.750,458.954,7.63550,3.250657e-04
316.000,458.904,7.63553,3.253954e-04
316.250,458.853,7.63555,3.257257e-04
316.500,458.803,7.63558,3.260567e-04
316.750,458.752,7.63561,3.263884e-04
317.000,458.702,7.63564,3.267208e-04
317.250,458.651,7.63567,3.270538e-04
317.500,458.601,7.63569,3.273876e-04
317.750,458.550,7.63572,3.277220e-04
318.000,458.499,7.63575,3.280570e-04
318.250,458.449,7.63578,3.283928e-04
318.500,458.398,7.63581,3.287292e-04
318.750,458.347,7.63584,3.290663e-04
319.000,458.296,7.63586,3.294042e-04
319.250,458.245,7.63589,3.297427e-04
319.500,458.194,7.63592,3.300819e-04
319.750,458.143,7.63595,3.304218e-04
320.000,458.092,7.63598,3.307624e-04
320.250,458.040,7.63601,3.311036e-04
320.500,457.989,7.63604,3.314456e-04
320.750,457.938,7.63606,3.317883e-04
321.000,457.887,7.63609,3.321317e-04
321.250,457.835,7.63612,3.324758e-04
321.500,457.784,7.63615,3.328206e-04
321.750,457.732,7.63618,3.331662e-04
322.000,457.681,7.63621,3.335124e-04
322.250,457.629,7.63624,3.338594e-04
322.500,457.577,7.63627,3.342071e-04
322.750,457.526,7.63629,3.345555e-04
323.000,457.474,7.63632,3.349046e-04
323.250,457.422,7.63635,3.352544e-04
323.500,457.370,7.63638,3.356050e-04
323.750,457.318,7.63641,3.359563e-04
324.000,457.266,7.63644,3.363083e-04
324.250,457.214,7.63647,3.366611e-04
324.500,457.162,7.63650,3.370146e-04
324.750,457.110,7.63653,3.373689e-04
325.000,457.058,7.63656,3.377239e-04
325.250,457.006,7.63659,3.380796e-04
325.500,456.953,7.63661,3.384361e-04
325.750,456.901,7.63664,3.387933e-04
326.000,456.848,7.63667,3.391513e-04
326.250,456.796,7.63670,3.395100e-04
326.500,456.743,7.63673,3.398695e-04
326.750,456.691,7.63676,3.402297e-04
327.000,456.638,7.63679,3.405908e-04
327.250,456.586,7.63682,3.409525e-04
327.500,456.533,7.63685,3.413151e-04
327.750,456.480,7.63688,3.416784e-04
328.000,456.427,7.63691,3.420424e-04
328.250,456.374,7.63694,3.424073e-04
328.500,456.321,7.63697,3.427729e-04
328.750,456.268,7.63700,3.431393e-04
329.000,456.215,7.63703,3.435065e-04
329.250,456.162,7.63706,3.438744e-04
329.500,456.109,7.63709,3.442432e-04
329.750,456.056,7.63712,3.446127e-04
330.000,456.002,7.63715,3.449830e-04
330.250,455.949,7.63718,3.453541e-04
330.500,455.895,7.63721,3.457260e-04
330.750,455.842,7.63724,3.460987e-04
331.000,455.788,7.63727,3.464722e-04
331.250,455.735,7.63730,3.468465e-04
331.500,455.681,7.63733,3.472217e-04
331.750,455.627,7.63736,3.475976e-04
332.000,455.574,7.63739,3.479743e-04
332.250,455.520,7.63742,3.483518e-04
332.500,455.466,7.63745,3.487302e-04
332.750,455.412,7.63748,3.491094e-04
333.000,455.358,7.63751,3.494894e-04
333.250,455.304,7.63754,3.498702e-04
333.500,455.250,7.63757,3.502519e-04
333.750,455.196,7.63760,3.506343e-04
334.000,455.141,7.63763,3.510176e-04
334.250,455.087,7.63766,3.514018e-04
334.500,455.033,7.63769,3.517868e-04
334.750,454.978,7.63772,3.521726e-04
335.000,454.924,7.63775,3.525592e-04
335.250,454.869,7.63778,3.529468e-04
335.500,454.815,7.63781,3.533351e-04
335.750,454.760,7.63784,3.537243e-04
336.000,454.705,7.63787,3.541144e-04
336.250,454.651,7.63790,3.545053e-04
336.500,454.596,7.63793,3.548971e-04
336.750,454.541,7.63796,3.552897e-04
337.000,454.486,7.63799,3.556832e-04
337.250,454.431,7.63802,3.560776e-04
337.500,454.376,7.63805,3.564728e-04
337.750,454.321,7.63809,3.568689e-04
338.000,454.266,7.63812,3.572659e-04
338.250,454.210,7.63815,3.576638e-04
338.500,454.155,7.63818,3.580626e-04
338.750,454.100,7.63821,3.584622e-04
339.000,454.044,7.63824,3.588627e-04
339.250,453.989,7.63827,3.592641e-04
339.500,453.933,7.63830,3.596665e-04
339.750,453.878,7.63833,3.600697e-04
340.000,453.822,7.63836,3.604738e-04
340.250,453.766,7.63840,3.608788e-04
340.500,453.710,7.63843,3.612847e-04
340.750,453.655,7.63846,3.616915e-04
341.000,453.599,7.63849,3.620993e-04
341.250,453.543,7.63852,3.625079e-04
341.500,453.487,7.63855,3.629175e-04
341.750,453.430,7.63858,3.633280e-04
342.000,453.374,7.63861,3.637394e-04
342.250,453.318,7.63865,3.641518e-04
342.500,453.262,7.63868,3.645650e-04
342.750,453.205,7.63871,3.649793e-04
343.000,453.149,7.63874,3.653944e-04
343.250,453.092,7.63877,3.658105e-04
343.500,453.036,7.63880,3.662275e-04
343.750,452.979,7.63884,3.666455e-04
344.000,452.923,7.63887,3.670644e-04
344.250,452.866,7.63890,3.674843e-04
344.500,452.809,7.63893,3.679052e-04
344.750,452.752,7.63896,3.683270e-04
345.000,452.695,7.63899,3.687497e-04
345.250,452.638,7.63903,3.691735e-04
345.500,452.581,7.63906,3.695982e-04
345.750,452.524,7.63909,3.700238e-04
346.000,452.467,7.63912,3.704505e-04
346.250,452.410,7.63915,3.708781e-04
346.500,452.352,7.63919,3.713067e-04
346.750,452.295,7.63922,3.717363e-04
347.000,452.237,7.63925,3.721669e-04
347.250,452.180,7.63928,3.725985e-04
347.500,452.122,7.63931,3.730311e-04
347.750,452.065,7.63935,3.734646e-04
348.000,452.007,7.63938,3.738992e-04
348.250,451.949,7.63941,3.743348e-04
348.500,451.891,7.63944,3.747714e-04
348.750,451.833,7.63948,3.752090e-04
349.000,451.775,7.63951,3.756476e-04
349.250,451.717,7.63954,3.760873e-04
349.500,451.659,7.63957,3.765280e-04
349.750,451.601,7.63961,3.769697e-04
350.000,451.543,7.63964,3.774124e-04
350.250,451.484,7.63967,3.778562e-04
350.500,451.426,7.63970,3.783010e-04
350.750,451.367,7.63974,3.787468e-04
351.000,451.309,7.63977,3.791937e-04
351.250,451.250,7.63980,3.796417e-04
351.500,451.192,7.63984,3.800907e-04
351.750,451.133,7.63987,3.805407e-04
352.000,451.074,7.63990,3.809919e-04
352.250,451.015,7.63993,3.814441e-04
352.500,450.956,7.63997,3.818973e-04
352.750,450.897,7.64000,3.823516e-04
353.000,450.838,7.64003,3.828070e-04
353.250,450.779,7.64007,3.832635e-04
353.500,450.720,7.64010,3.837211e-04
353.750,450.661,7.64013,3.841797e-04
354.000,450.601,7.64017,3.846395e-04
354.250,450.542,7.64020,3.851003e-04
354.500,450.482,7.64023,3.855623e-04
354.750,450.423,7.64027,3.860253e-04
355.000,450.363,7.64030,3.864895e-04
355.250,450.303,7.64033,3.869547e-04
355.500,450.243,7.64037,3.874211e-04
355.750,450.184,7.64040,3.878886e-04
356.000,450.124,7.64043,3.883572e-04
356.250,450.064,7.64047,3.888270e-04
356.500,450.004,7.64050,3.892979e-04
356.750,449.943,7.64053,3.897699e-04
357.000,449.883,7.64057,3.902431e-04
357.250,449.823,7.64060,3.907174e-04
357.500,449.763,7.64063,3.911928e-04
357.750,449.702,7.64067,3.916694e-04
358.000,449.642,7.64070,3.921472e-04
358.250,449.581,7.64074,3.926261e-04
358.500,449.520,7.64077,3.931062e-04
358.750,449.460,7.64080,3.935874e-04
359.000,449.399,7.64084,3.940698e-04
359.250,449.338,7.64087,3.945535e-04
359.500,449.277,7.64091,3.950382e-04
359.750,449.216,7.64094,3.955242e-04
360.000,449.155,7.64097,3.960114e-04
360.250,449.094,7.64101,3.964997e-04
360.500,449.033,7.64104,3.969893e-04
360.750,448.971,7.64108,3.974800e-04
361.000,448.910,7.64111,3.979720e-04
361.250,448.848,7.64115,3.984652e-04
361.500,448.787,7.64118,3.989596e-04
361.750,448.725,7.64122,3.994552e-04
362.000,448.663,7.64125,3.999521e-04
362.250,448.602,7.64128,4.004501e-04
362.500,448.540,7.64132,4.009494e-04
362.750,448.478,7.64135,4.014500e-04
363.000,448.416,7.64139,4.019518e-04
363.250,448.354,7.64142,4.024548e-04
363.500,448.292,7.64146,4.029591e-04
363.750,448.229,7.64149,4.034647e-04
364.000,448.167,7.64153,4.039715e-04
364.250,448.105,7.64156,4.044796e-04
364.500,448.042,7.64160,4.049890e-04
364.750,447.980,7.64163,4.054996e-04
365.000,447.917,7.64167,4.060115e-04
365.250,447.854,7.64170,4.065247e-04
365.500,447.792,7.64174,4.070392e-04
365.750,447.729,7.64177,4.075550e-04
366.000,447.666,7.64181,4.080721e-04
366.250,447.603,7.64184,4.085905e-04
366.500,447.540,7.64188,4.091102e-04
366.750,447.476,7.64191,4.096313e-04
367.000,447.413,7.64195,4.101536e-04
367.250,447.350,7.64199,4.106773e-04
367.500,447.286,7.64202,4.112023e-04
367.750,447.223,7.64206,4.117287e-04
368.000,447.159,7.64209,4.122564e-04
368.250,447.096,7.64213,4.127854e-04
368.500,447.032,7.64216,4.133158e-04
368.750,446.968,7.64220,4.138475e-04
369.000,446.904,7.64223,4.143807e-04
369.250,446.840,7.64227,4.149151e-04
369.500,446.776,7.64231,4.154510e-04
369.750,446.712,7.64234,4.159882e-04
370.000,446.648,7.64238,4.165268e-04
370.250,446.584,7.64241,4.170668e-04
370.500,446.519,7.64245,4.176082e-04
370.750,446.455,7.64249,4.181510e-04
371.000,446.390,7.64252,4.186952e-04
371.250,446.326,7.64256,4.192408e-04
371.500,446.261,7.64259,4.197879e-04
371.750,446.196,7.64263,4.203363e-04
372.000,446.131,7.64267,4.208862e-04
372.250,446.066,7.64270,4.214375e-04
372.500,446.001,7.64274,4.219902e-04
372.750,445.936,7.64278,4.225444e-04
373.000,445.871,7.64281,4.231001e-04
373.250,445.805,7.64285,4.236572e-04
373.500,445.740,7.64289,4.242157e-04
373.750,445.675,7.64292,4.247757e-04
374.000,445.609,7.64296,4.253372e-04
374.250,445.543,7.64300,4.259002e-04
374.500,445.478,7.64303,4.264647e-04
374.750,445.412,7.64307,4.270306e-04
375.000,445.346,7.64311,4.275981e-04
375.250,445.280,7.64314,4.281670e-04
375.500,445.214,7.64318,4.287374e-04
375.750,445.148,7.64322,4.293094e-04
376.000,445.081,7.64326,4.298829e-04
376.250,445.015,7.64329,4.304579e-04
376.500,444.948,7.64333,4.310345e-04
376.750,444.882,7.64337,4.316125e-04
377.000,444.815,7.64340,4.321922e-04
377.250,444.749,7.64344,4.327733e-04
377.500,444.682,7.64348,4.333561e-04
377.750,444.615,7.64352,4.339404e-04
378.000,444.548,7.64355,4.345262e-04
378.250,444.481,7.64359,4.351137e-04
378.500,444.414,7.64363,4.357027e-04
378.750,444.347,7.64367,4.362933e-04
379.000,444.279,7.64370,4.368855e-04
379.250,444.212,7.64374,4.374793e-04
379.500,444.144,7.64378,4.380747e-04
379.750,444.077,7.64382,4.386718e-04
380.000,444.009,7.64386,4.392704e-04
380.250,443.941,7.64389,4.398707e-04
380.500,443.873,7.64393,4.404726e-04
380.750,443.805,7.64397,4.410761e-04
381.000,443.737,7.64401,4.416813e-04
381.250,443.669,7.64405,4.422882e-04
381.500,443.601,7.64408,4.428967e-04
381.750,443.533,7.64412,4.435069e-04
382.000,443.464,7.64416,4.441187e-04
382.250,443.396,7.64420,4.447322e-04
382.500,443.327,7.64424,4.453475e-04
382.750,443.258,7.64428,4.459644e-04
383.000,443.190,7.64432,4.465830e-04
383.250,443.121,7.64435,4.472033e-04
383.500,443.052,7.64439,4.478254e-04
383.750,442.983,7.64443,4.484491e-04
384.000,442.913,7.64447,4.490746e-04
384.250,442.844,7.64451,4.497019e-04
384.500,442.775,7.64455,4.503309e-04
384.750,442.705,7.64459,4.509616e-04
385.000,442.636,7.64463,4.515941e-04
385.250,442.566,7.64466,4.522283e-04
385.500,442.496,7.64470,4.528644e-04
385.750,442.426,7.64474,4.535022e-04
386.000,442.356,7.64478,4.541418e-04
386.250,442.286,7.64482,4.547832e-04
386.500,442.216,7.64486,4.554264e-04
386.750,442.146,7.64490,4.560714e-04
387.000,442.076,7.64494,4.567183e-04
387.250,442.005,7.64498,4.573669e-04
387.500,441.935,7.64502,4.580174e-04
387.750,441.864,7.64506,4.586698e-04
388.000,441.793,7.64510,4.593240e-04
388.250,441.722,7.64514,4.599800e-04
388.500,441.651,7.64518,4.606379e-04
388.750,441.580,7.64522,4.612977e-04
389.000,441.509,7.64526,4.619594e-04
389.250,441.438,7.64530,4.626230e-04
389.500,441.367,7.64534,4.632884e-04
389.750,441.295,7.64538,4.639558e-04
390.000,441.224,7.64542,4.646251e-04
390.250,441.152,7.64546,4.652963e-04
390.500,441.080,7.64550,4.659694e-04
390.750,441.008,7.64554,4.666445e-04
391.000,440.936,7.64558,4.673215e-04
391.250,440.864,7.64562,4.680005e-04
391.500,440.792,7.64566,4.686815e-04
391.750,440.720,7.64570,4.693644e-04
392.000,440.648,7.64574,4.700493e-04
392.250,440.575,7.64578,4.707362e-04
392.500,440.502,7.64582,4.714251e-04
392.750,440.430,7.64586,4.721160e-04
393.000,440.357,7.64590,4.728089e-04
393.250,440.284,7.64594,4.735039e-04
393.500,440.211,7.64598,4.742008e-04
393.750,440.138,7.64603,4.748999e-04
394.000,440.065,7.64607,4.756009e-04
394.250,439.991,7.64611,4.763041e-04
394.500,439.918,7.64615,4.770093e-04
394.750,439.844,7.64619,4.777166e-04
395.000,439.771,7.64623,4.784260e-04
395.250,439.697,7.64627,4.791374e-04
395.500,439.623,7.64631,4.798510e-04
395.750,439.549,7.64636,4.805667e-04
396.000,439.475,7.64640,4.812845e-04
396.250,439.401,7.64644,4.820045e-04
396.500,439.327,7.64648,4.827266e-04
396.750,439.252,7.64652,4.834509e-04
397.000,439.178,7.64656,4.841773e-04
397.250,439.103,7.64661,4.849059e-04
397.500,439.028,7.64665,4.856367e-04
397.750,438.953,7.64669,4.863697e-04
398.000,438.878,7.64673,4.871049e-04
398.250,438.803,7.64677,4.878422e-04
398.500,438.728,7.64682,4.885819e-04
398.750,438.653,7.64686,4.893237e-04
399.000,438.577,7.64690,4.900678e-04
399.250,438.502,7.64694,4.908142e-04
399.500,438.426,7.64699,4.915628e-04
399.750,438.350,7.64703,4.923137e-04
400.000,438.275,7.64707,4.930669e-04
400.250,438.199,7.64711,4.938223e-04
400.500,438.122,7.64716,4.945801e-04
400.750,438.046,7.64720,4.953402e-04
401.000,437.970,7.64724,4.961026e-04
401.250,437.893,7.64728,4.968674e-04
401.500,437.817,7.64733,4.976345e-04
401.750,437.740,7.64737,4.984039e-04
402.000,437.663,7.64741,4.991758e-04
402.250,437.586,7.64746,4.999500e-04
402.500,437.509,7.64750,5.007266e-04
402.750,437.432,7.64754,5.015056e-04
403.000,437.355,7.64759,5.022870e-04
403.250,437.278,7.64763,5.030709e-04
403.500,437.200,7.64767,5.038572e-04
403.750,437.122,7.64772,5.046459e-04
404.000,437.045,7.64776,5.054371e-04
404.250,436.967,7.64780,5.062308e-04
404.500,436.889,7.64785,5.070269e-04
404.750,436.811,7.64789,5.078256e-04
405.000,436.732,7.64794,5.086267e-04
405.250,436.654,7.64798,5.094304e-04
405.500,436.576,7.64802,5.102366e-04
405.750,436.497,7.64807,5.110453e-04
406.000,436.418,7.64811,5.118566e-04
406.250,436.339,7.64816,5.126705e-04
406.500,436.260,7.64820,5.134869e-04
406.750,436.181,7.64825,5.143060e-04
407.000,436.102,7.64829,5.151276e-04
407.250,436.023,7.64833,5.159518e-04
407.500,435.943,7.64838,5.167787e-04
407.750,435.864,7.64842,5.176082e-04
408.000,435.784,7.64847,5.184404e-04
408.250,435.704,7.64851,5.192752e-04
408.500,435.624,7.64856,5.201127e-04
408.750,435.544,7.64860,5.209529e-04
409.000,435.464,7.64865,5.217958e-04
409.250,435.383,7.64869,5.226414e-04
409.500,435.303,7.64874,5.234898e-04
409.750,435.222,7.64878,5.243409e-04
410.000,435.141,7.64883,5.251947e-04
410.250,435.060,7.64887,5.260514e-04
410.500,434.979,7.64892,5.269108e-04
410.750,434.898,7.64897,5.277730e-04
411.000,434.817,7.64901,5.286380e-04
411.250,434.736,7.64906,5.295058e-04
411.500,434.654,7.64910,5.303765e-04
411.750,434.572,7.64915,5.312500e-04
412.000,434.491,7.64919,5.321264e-04
412.250,434.409,7.64924,5.330057e-04
412.500,434.327,7.64929,5.338878e-04
412.750,434.244,7.64933,5.347729e-04
413.000,434.162,7.64938,5.356609e-04
413.250,434.079,7.64943,5.365518e-04
413.500,433.997,7.64947,5.374457e-04
413.750,433.914,7.64952,5.383426e-04
414.000,433.831,7.64956,5.392424e-04
414.250,433.748,7.64961,5.401453e-04
414.500,433.665,7.64966,5.410511e-04
414.750,433.582,7.64970,5.419600e-04
415.000,433.498,7.64975,5.428719e-04
415.250,433.415,7.64980,5.437869e-04
415.500,433.331,7.64985,5.447049e-04
415.750,433.247,7.64989,5.456260e-04
416.000,433.163,7.64994,5.465503e-04
416.250,433.079,7.64999,5.474776e-04
416.500,432.995,7.65003,5.484081e-04
416.750,432.910,7.65008,5.493417e-04
417.000,432.826,7.65013,5.502786e-04
417.250,432.741,7.65018,5.512185e-04
417.500,432.656,7.65022,5.521617e-04
417.750,432.571,7.65027,5.531081e-04
418.000,432.486,7.65032,5.540578e-04
418.250,432.401,7.65037,5.550107e-04
418.500,432.315,7.65042,5.559668e-04
418.750,432.230,7.65046,5.569262e-04
419.000,432.144,7.65051,5.578890e-04
419.250,432.058,7.65056,5.588550e-04
419.500,431.972,7.65061,5.598244e-04
419.750,431.886,7.65066,5.607971e-04
420.000,431.799,7.65071,5.617732e-04
420.250,431.713,7.65075,5.627527e-04
420.500,431.626,7.65080,5.637356e-04
420.750,431.540,7.65085,5.647219e-04
421.000,431.453,7.65090,5.657116e-04
421.250,431.366,7.65095,5.667048e-04
421.500,431.278,7.65100,5.677015e-04
421.750,431.191,7.65105,5.687016e-04
422.000,431.103,7.65110,5.697053e-04
422.250,431.016,7.65115,5.707125e-04
422.500,430.928,7.65120,5.717233e-04
422.750,430.840,7.65124,5.727376e-04
423.000,430.752,7.65129,5.737555e-04
423.250,430.664,7.65134,5.747770e-04
423.500,430.575,7.65139,5.758021e-04
423.750,430.487,7.65144,5.768309e-04
424.000,430.398,7.65149,5.778634e-04
424.250,430.309,7.65154,5.788995e-04
424.500,430.220,7.65159,5.799393e-04
424.750,430.131,7.65164,5.809828e-04
425.000,430.041,7.65169,5.820301e-04
425.250,429.952,7.65174,5.830812e-04
425.500,429.862,7.65179,5.841360e-04
425.750,429.772,7.65184,5.851946e-04
426.000,429.682,7.65190,5.862571e-04
426.250,429.592,7.65195,5.873234e-04
426.500,429.501,7.65200,5.883936e-04
426.750,429.411,7.65205,5.894676e-04
427.000,429.320,7.65210,5.905455e-04
427.250,429.229,7.65215,5.916274e-04
427.500,429.138,7.65220,5.927133e-04
427.750,429.047,7.65225,5.938031e-04
428.000,428.956,7.65230,5.948969e-04
428.250,428.864,7.65235,5.959947e-04
428.500,428.773,7.65241,5.970965e-04
428.750,428.681,7.65246,5.982024e-04
429.000,428.589,7.65251,5.993124e-04
429.250,428.497,7.65256,6.004265e-04
429.500,428.404,7.65261,6.015447e-04
429.750,428.312,7.65267,6.026671e-04
430.000,428.219,7.65272,6.037936e-04
430.250,428.126,7.65277,6.049243e-04
430.500,428.033,7.65282,6.060593e-04
430.750,427.940,7.65287,6.071985e-04
431.000,427.847,7.65293,6.083420e-04
431.250,427.753,7.65298,6.094897e-04
431.500,427.659,7.65303,6.106418e-04
431.750,427.565,7.65309,6.117982e-04
432.000,427.471,7.65314,6.129590e-04
432.250,427.377,7.65319,6.141241e-04
432.500,427.283,7.65324,6.152937e-04
432.750,427.188,7.65330,6.164677e-04
433.000,427.093,7.65335,6.176462e-04
433.250,426.998,7.65340,6.188292e-04
433.500,426.903,7.65346,6.200167e-04
433.750,426.808,7.65351,6.212087e-04
434.000,426.712,7.65356,6.224053e-04
434.250,426.616,7.65362,6.236065e-04
434.500,426.521,7.65367,6.248123e-04
434.750,426.424,7.65373,6.260227e-04
435.000,426.328,7.65378,6.272378e-04
435.250,426.232,7.65384,6.284577e-04
435.500,426.135,7.65389,6.296822e-04
435.750,426.038,7.65394,6.309115e-04
436.000,425.941,7.65400,6.321456e-04
436.250,425.844,7.65405,6.333845e-04
436.500,425.747,7.65411,6.346282e-04
436.750,425.649,7.65416,6.358768e-04
437.000,425.552,7.65422,6.371303e-04
437.250,425.454,7.65427,6.383888e-04
437.500,425.355,7.65433,6.396521e-04
437.750,425.257,7.65438,6.409205e-04
438.000,425.159,7.65444,6.421939e-04
438.250,425.060,7.65449,6.434723e-04
438.500,424.961,7.65455,6.447558e-04
438.750,424.862,7.65461,6.460444e-04
439.000,424.763,7.65466,6.473381e-04
439.250,424.663,7.65472,6.486370e-04
439.500,424.563,7.65477,6.499410e-04
439.750,424.464,7.65483,6.512503e-04
440.000,424.363,7.65489,6.525649e-04
440.250,424.263,7.65494,6.538847e-04
440.500,424.163,7.65500,6.552099e-04
440.750,424.062,7.65506,6.565404e-04
441.000,423.961,7.65511,6.578763e-04
441.250,423.860,7.65517,6.592176e-04
441.500,423.759,7.65523,6.605644e-04
441.750,423.657,7.65528,6.619167e-04
442.000,423.555,7.65534,6.632744e-04
442.250,423.454,7.65540,6.646378e-04
442.500,423.351,7.65546,6.660067e-04
442.750,423.249,7.65551,6.673812e-04
443.000,423.147,7.65557,6.687614e-04
443.250,423.044,7.65563,6.701472e-04
443.500,422.941,7.65569,6.715388e-04
443.750,422.838,7.65574,6.729362e-04
444.000,422.734,7.65580,6.743393e-04
444.250,422.631,7.65586,6.757483e-04
444.500,422.527,7.65592,6.771631e-04
444.750,422.423,7.65598,6.785839e-04
445.000,422.319,7.65604,6.800106e-04
445.250,422.214,7.65610,6.814433e-04
445.500,422.109,7.65615,6.828819e-04
445.750,422.005,7.65621,6.843267e-04
446.000,421.899,7.65627,6.857775e-04
446.250,421.794,7.65633,6.872345e-04
446.500,421.689,7.65639,6.886976e-04
446.750,421.583,7.65645,6.901669e-04
447.000,421.477,7.65651,6.916425e-04
447.250,421.371,7.65657,6.931244e-04
447.500,421.264,7.65663,6.946126e-04
447.750,421.157,7.65669,6.961072e-04
448.000,421.050,7.65675,6.976082e-04
448.250,420.943,7.65681,6.991156e-04
448.500,420.836,7.65687,7.006295e-04
448.750,420.728,7.65693,7.021500e-04
449.000,420.621,7.65699,7.036770e-04
449.250,420.512,7.65705,7.052107e-04
449.500,420.404,7.65711,7.067510e-04
449.750,420.296,7.65718,7.082980e-04
450.000,420.187,7.65724,7.098518e-04
450.250,420.078,7.65730,7.114123e-04
450.500,419.969,7.65736,7.129797e-04
450.750,419.859,7.65742,7.145540e-04
451.000,419.749,7.65748,7.161353e-04
451.250,419.639,7.65755,7.177234e-04
451.500,419.529,7.65761,7.193187e-04
451.750,419.419,7.65767,7.209209e-04
452.000,419.308,7.65773,7.225303e-04
452.250,419.197,7.65779,7.241469e-04
452.500,419.086,7.65786,7.257707e-04
452.750,418.975,7.65792,7.274017e-04
453.000,418.863,7.65798,7.290400e-04
453.250,418.751,7.65805,7.306857e-04
453.500,418.639,7.65811,7.323388e-04
453.750,418.526,7.65817,7.339993e-04
454.000,418.414,7.65824,7.356674e-04
454.250,418.301,7.65830,7.373430e-04
454.500,418.188,7.65836,7.390262e-04
454.750,418.074,7.65843,7.407171e-04
455.000,417.961,7.65849,7.424157e-04
455.250,417.847,7.65856,7.441220e-04
455.500,417.732,7.65862,7.458362e-04
455.750,417.618,7.65868,7.475582e-04
456.000,417.503,7.65875,7.492882e-04
456.250,417.388,7.65881,7.510261e-04
456.500,417.273,7.65888,7.527721e-04
456.750,417.157,7.65894,7.545262e-04
457.000,417.042,7.65901,7.562884e-04
457.250,416.926,7.65907,7.580589e-04
457.500,416.809,7.65914,7.598376e-04
457.750,416.693,7.65921,7.616246e-04
458.000,416.576,7.65927,7.634200e-04
458.250,416.459,7.65934,7.652238e-04
458.500,416.341,7.65940,7.670361e-04
458.750,416.224,7.65947,7.688570e-04
459.000,416.106,7.65954,7.706865e-04
459.250,415.987,7.65960,7.725247e-04
459.500,415.869,7.65967,7.743716e-04
459.750,415.750,7.65974,7.762273e-04
460.000,415.631,7.65980,7.780919e-04
460.250,415.512,7.65987,7.799654e-04
460.500,415.392,7.65994,7.818479e-04
460.750,415.272,7.66001,7.837395e-04
461.000,415.152,7.66007,7.856402e-04
461.250,415.031,7.66014,7.875500e-04
461.500,414.910,7.66021,7.894692e-04
461.750,414.789,7.66028,7.913976e-04
462.000,414.668,7.66035,7.933355e-04
462.250,414.546,7.66042,7.952828e-04
462.500,414.424,7.66048,7.972396e-04
462.750,414.302,7.66055,7.992061e-04
463.000,414.179,7.66062,8.011822e-04
463.250,414.057,7.66069,8.031680e-04
463.500,413.933,7.66076,8.051637e-04
463.750,413.810,7.66083,8.071693e-04
464.000,413.686,7.66090,8.091848e-04
464.250,413.562,7.66097,8.112103e-04
464.500,413.438,7.66104,8.132460e-04
464.750,413.313,7.66111,8.152918e-04
465.000,413.188,7.66118,8.173479e-04
465.250,413.063,7.66125,8.194144e-04
465.500,412.937,7.66132,8.214912e-04
465.750,412.811,7.66139,8.235786e-04
466.000,412.685,7.66147,8.256765e-04
466.250,412.558,7.66154,8.277851e-04
466.500,412.431,7.66161,8.299044e-04
466.750,412.304,7.66168,8.320346e-04
467.000,412.176,7.66175,8.341756e-04
467.250,412.049,7.66182,8.363277e-04
467.500,411.920,7.66190,8.384908e-04
467.750,411.792,7.66197,8.406650e-04
468.000,411.663,7.66204,8.428505e-04
468.250,411.534,7.66212,8.450474e-04
468.500,411.404,7.66219,8.472556e-04
468.750,411.274,7.66226,8.494754e-04
469.000,411.144,7.66233,8.517067e-04
469.250,411.014,7.66241,8.539497e-04
469.500,410.883,7.66248,8.562046e-04
469.750,410.751,7.66256,8.584712e-04
470.000,410.620,7.66263,8.607499e-04
470.250,410.488,7.66271,8.630406e-04
470.500,410.356,7.66278,8.653435e-04
470.750,410.223,7.66285,8.676586e-04
471.000,410.090,7.66293,8.699861e-04
471.250,409.957,7.66301,8.723260e-04
471.500,409.823,7.66308,8.746785e-04
471.750,409.689,7.66316,8.770436e-04
472.000,409.555,7.66323,8.794215e-04
472.250,409.420,7.66331,8.818122e-04
472.500,409.285,7.66338,8.842159e-04
472.750,409.149,7.66346,8.866327e-04
473.000,409.014,7.66354,8.890626e-04
473.250,408.877,7.66361,8.915059e-04
473.500,408.741,7.66369,8.939625e-04
473.750,408.604,7.66377,8.964326e-04
474.000,408.466,7.66385,8.989163e-04
474.250,408.329,7.66392,9.014138e-04
474.500,408.191,7.66400,9.039250e-04
474.750,408.052,7.66408,9.064503e-04
475.000,407.913,7.66416,9.089896e-04
475.250,407.774,7.66424,9.115431e-04
475.500,407.634,7.66432,9.141109e-04
475.750,407.494,7.66440,9.166931e-04
476.000,407.354,7.66447,9.192899e-04
476.250,407.213,7.66455,9.219013e-04
476.500,407.072,7.66463,9.245276e-04
476.750,406.930,7.66471,9.271687e-04
477.000,406.789,7.66479,9.298249e-04
477.250,406.646,7.66487,9.324963e-04
477.500,406.503,7.66496,9.351830e-04
477.750,406.360,7.66504,9.378852e-04
478.000,406.216,7.66512,9.406029e-04
478.250,406.072,7.66520,9.433363e-04
478.500,405.928,7.66528,9.460856e-04
478.750,405.783,7.66536,9.488508e-04
479.000,405.638,7.66544,9.516322e-04
479.250,405.492,7.66553,9.544298e-04
479.500,405.346,7.66561,9.572438e-04
479.750,405.199,7.66569,9.600744e-04
480.000,405.053,7.66577,9.629217e-04
480.250,404.905,7.66586,9.657858e-04
480.500,404.757,7.66594,9.686669e-04
480.750,404.609,7.66603,9.715651e-04
481.000,404.460,7.66611,9.744807e-04
481.250,404.311,7.66619,9.774137e-04
481.500,404.161,7.66628,9.803643e-04
481.750,404.011,7.66636,9.833327e-04
482.000,403.861,7.66645,9.863190e-04
482.250,403.710,7.66653,9.893234e-04
482.500,403.559,7.66662,9.923461e-04
482.750,403.407,7.66671,9.953872e-04
483.000,403.254,7.66679,9.984468e-04
483.250,403.102,7.66688,1.001525e-03
483.500,402.948,7.66696,1.004623e-03
483.750,402.795,7.66705,1.007739e-03
484.000,402.640,7.66714,1.010875e-03
484.250,402.486,7.66723,1.014030e-03
484.500,402.330,7.66731,1.017205e-03
484.750,402.175,7.66740,1.020400e-03
485.000,402.019,7.66749,1.023614e-03
485.250,401.862,7.66758,1.026849e-03
485.500,401.705,7.66767,1.030105e-03
485.750,401.547,7.66776,1.033381e-03
486.000,401.389,7.66785,1.036677e-03
486.250,401.231,7.66794,1.039995e-03
486.500,401.072,7.66803,1.043334e-03
486.750,400.912,7.66812,1.046694e-03
487.000,400.752,7.66821,1.050076e-03
487.250,400.591,7.66830,1.053480e-03
487.500,400.430,7.66839,1.056905e-03
487.750,400.269,7.66848,1.060353e-03
488.000,400.106,7.66857,1.063823e-03
488.250,399.944,7.66866,1.067316e-03
488.500,399.780,7.66876,1.070832e-03
488.750,399.617,7.66885,1.074371e-03
489.000,399.452,7.66894,1.077934e-03
489.250,399.288,7.66903,1.081520e-03
489.500,399.122,7.66913,1.085129e-03
489.750,398.956,7.66922,1.088763e-03
490.000,398.790,7.66932,1.092421e-03
490.250,398.623,7.66941,1.096103e-03
490.500,398.455,7.66951,1.099811e-03
490.750,398.287,7.66960,1.103543e-03
491.000,398.118,7.66970,1.107301e-03
491.250,397.949,7.66979,1.111084e-03
491.500,397.779,7.66989,1.114893e-03
491.750,397.609,7.66998,1.118728e-03
492.000,397.438,7.67008,1.122589e-03
492.250,397.266,7.67018,1.126477e-03
492.500,397.094,7.67028,1.130392e-03
492.750,396.921,7.67037,1.134334e-03
493.000,396.748,7.67047,1.138303e-03
493.250,396.574,7.67057,1.142300e-03
493.500,396.399,7.67067,1.146325e-03
493.750,396.224,7.67077,1.150379e-03
494.000,396.048,7.67087,1.154461e-03
494.250,395.872,7.67097,1.158571e-03
494.500,395.695,7.67107,1.162712e-03
494.750,395.517,7.67117,1.166881e-03
495.000,395.339,7.67127,1.171081e-03
495.250,395.160,7.67137,1.175310e-03
495.500,394.980,7.67147,1.179571e-03
495.750,394.800,7.67157,1.183862e-03
496.000,394.619,7.67168,1.188184e-03
496.250,394.437,7.67178,1.192537e-03
496.500,394.255,7.67188,1.196923e-03
496.750,394.072,7.67199,1.201340e-03
497.000,393.889,7.67209,1.205791e-03
497.250,393.705,7.67220,1.210274e-03
497.500,393.520,7.67230,1.214790e-03
497.750,393.334,7.67240,1.219340e-03
498.000,393.148,7.67251,1.223924e-03
498.250,392.961,7.67262,1.228543e-03
498.500,392.773,7.67272,1.233196e-03
498.750,392.585,7.67283,1.237884e-03
499.000,392.396,7.67294,1.242608e-03
499.250,392.206,7.67304,1.247368e-03
499.500,392.016,7.67315,1.252165e-03
499.750,391.825,7.67326,1.256998e-03
500.000,391.633,7.67337,1.261868e-03
500.250,391.440,7.67348,1.266776e-03
500.500,391.247,7.67359,1.271722e-03
500.750,391.052,7.67370,1.276707e-03
501.000,390.858,7.67381,1.281731e-03
501.250,390.662,7.67392,1.286794e-03
501.500,390.465,7.67403,1.291897e-03
501.750,390.268,7.67414,1.297041e-03
502.000,390.070,7.67425,1.302226e-03
502.250,389.871,7.67437,1.307451e-03
502.500,389.672,7.67448,1.312719e-03
502.750,389.471,7.67459,1.318029e-03
503.000,389.270,7.67471,1.323382e-03
503.250,389.068,7.67482,1.328779e-03
503.500,388.866,7.67494,1.334219e-03
503.750,388.662,7.67505,1.339704e-03
504.000,388.457,7.67517,1.345234e-03
504.250,388.252,7.67529,1.350809e-03
504.500,388.046,7.67540,1.356431e-03
504.750,387.839,7.67552,1.362099e-03
505.000,387.631,7.67564,1.367815e-03
505.250,387.423,7.67576,1.373578e-03
505.500,387.213,7.67588,1.379390e-03
505.750,387.003,7.67599,1.385251e-03
506.000,386.791,7.67611,1.391162e-03
506.250,386.579,7.67624,1.397123e-03
506.500,386.366,7.67636,1.403135e-03
506.750,386.152,7.67648,1.409199e-03
507.000,385.937,7.67660,1.415316e-03
507.250,385.721,7.67672,1.421485e-03
507.500,385.504,7.67684,1.427708e-03
507.750,385.286,7.67697,1.433985e-03
508.000,385.068,7.67709,1.440318e-03
508.250,384.848,7.67722,1.446706e-03
508.500,384.627,7.67734,1.453151e-03
508.750,384.406,7.67747,1.459653e-03
509.000,384.183,7.67759,1.466214e-03
509.250,383.960,7.67772,1.472833e-03
509.500,383.735,7.67785,1.479512e-03
509.750,383.510,7.67798,1.486252e-03
510.000,383.283,7.67811,1.493052e-03
510.250,383.055,7.67824,1.499915e-03
510.500,382.827,7.67836,1.506841e-03
510.750,382.597,7.67850,1.513831e-03
511.000,382.366,7.67863,1.520886e-03
511.250,382.134,7.67876,1.528007e-03
511.500,381.901,7.67889,1.535194e-03
511.750,381.667,7.67902,1.542448e-03
512.000,381.432,7.67916,1.549771e-03
512.250,381.196,7.67929,1.557164e-03
512.500,380.959,7.67943,1.564627e-03
512.750,380.720,7.67956,1.572161e-03
513.000,380.481,7.67970,1.579768e-03
513.250,380.240,7.67983,1.587448e-03
513.500,379.998,7.67997,1.595203e-03
513.750,379.755,7.68011,1.603034e-03
514.000,379.511,7.68025,1.610942e-03
514.250,379.266,7.68039,1.618927e-03
514.500,379.019,7.68053,1.626992e-03
514.750,378.771,7.68067,1.635137e-03
515.000,378.522,7.68081,1.643363e-03
515.250,378.272,7.68095,1.651673e-03
515.500,378.020,7.68110,1.660066e-03
515.750,377.767,7.68124,1.668544e-03
516.000,377.513,7.68138,1.677109e-03
516.250,377.258,7.68153,1.685762e-03
516.500,377.001,7.68168,1.694504e-03
516.750,376.743,7.68182,1.703337e-03
517.000,376.484,7.68197,1.712261e-03
517.250,376.223,7.68212,1.721279e-03
517.500,375.961,7.68227,1.730392e-03
517.750,375.697,7.68242,1.739602e-03
518.000,375.433,7.68257,1.748909e-03
518.250,375.166,7.68272,1.758317e-03
518.500,374.899,7.68287,1.767825e-03
518.750,374.630,7.68302,1.777436e-03
519.000,374.359,7.68318,1.787151e-03
519.250,374.087,7.68333,1.796973e-03
519.500,373.813,7.68349,1.806903e-03
519.750,373.538,7.68364,1.816942e-03
520.000,373.262,7.68380,1.827093e-03
520.250,372.984,7.68396,1.837357e-03
520.500,372.704,7.68412,1.847737e-03
520.750,372.423,7.68428,1.858233e-03
521.000,372.140,7.68444,1.868850e-03
521.250,371.856,7.68460,1.879587e-03
521.500,371.570,7.68477,1.890448e-03
521.750,371.282,7.68493,1.901434e-03
522.000,370.993,7.68509,1.912548e-03
522.250,370.702,7.68526,1.923792e-03
522.500,370.410,7.68543,1.935168e-03
522.750,370.115,7.68559,1.946678e-03
523.000,369.819,7.68576,1.958326e-03
523.250,369.521,7.68593,1.970113e-03
523.500,369.222,7.68610,1.982042e-03
523.750,368.920,7.68627,1.994115e-03
524.000,368.617,7.68645,2.006336e-03
524.250,368.312,7.68662,2.018706e-03
524.500,368.005,7.68680,2.031229e-03
524.750,367.696,7.68697,2.043908e-03
525.000,367.386,7.68715,2.056744e-03
525.250,367.073,7.68733,2.069743e-03
525.500,366.758,7.68751,2.082905e-03
525.750,366.442,7.68769,2.096235e-03
526.000,366.123,7.68787,2.109736e-03
526.250,365.802,7.68805,2.123410e-03
526.500,365.480,7.68823,2.137262e-03
526.750,365.155,7.68842,2.151295e-03
527.000,364.828,7.68861,2.165512e-03
527.250,364.499,7.68879,2.179918e-03
527.500,364.168,7.68898,2.194515e-03
527.750,363.834,7.68917,2.209308e-03
528.000,363.498,7.68936,2.224300e-03
528.250,363.161,7.68956,2.239496e-03
528.500,362.820,7.68975,2.254900e-03
528.750,362.478,7.68995,2.270516e-03
529.000,362.133,7.69014,2.286349e-03
529.250,361.786,7.69034,2.302403e-03
529.500,361.436,7.69054,2.318682e-03
529.750,361.084,7.69074,2.335192e-03
530.000,360.729,7.69094,2.351937e-03
530.250,360.372,7.69115,2.368923e-03
530.500,360.012,7.69135,2.386154e-03
530.750,359.650,7.69156,2.403637e-03
531.000,359.285,7.69177,2.421376e-03
531.250,358.917,7.69198,2.439377e-03
531.500,358.547,7.69219,2.457646e-03
531.750,358.174,7.69240,2.476190e-03
532.000,357.798,7.69262,2.495013e-03
532.250,357.419,7.69283,2.514124e-03
532.500,357.038,7.69305,2.533527e-03
532.750,356.653,7.69327,2.553231e-03
533.000,356.266,7.69349,2.573242e-03
533.250,355.875,7.69372,2.593567e-03
533.500,355.482,7.69394,2.614214e-03
533.750,355.085,7.69417,2.635190e-03
534.000,354.685,7.69440,2.656503e-03
534.250,354.282,7.69463,2.678162e-03
534.500,353.876,7.69486,2.700175e-03
534.750,353.467,7.69509,2.722551e-03
535.000,353.054,7.69533,2.745298e-03
535.250,352.637,7.69557,2.768427e-03
535.500,352.217,7.69581,2.791946e-03
535.750,351.794,7.69605,2.815866e-03
536.000,351.367,7.69629,2.840196e-03
536.250,350.936,7.69654,2.864948e-03
536.500,350.502,7.69679,2.890133e-03
536.750,350.064,7.69704,2.915762e-03
537.000,349.622,7.69729,2.941847e-03
537.250,349.176,7.69755,2.968400e-03
537.500,348.726,7.69780,2.995434e-03
537.750,348.272,7.69806,3.022962e-03
538.000,347.814,7.69832,3.050997e-03
538.250,347.351,7.69859,3.079554e-03
538.500,346.885,7.69886,3.108647e-03
538.750,346.414,7.69913,3.138292e-03
539.000,345.938,7.69940,3.168505e-03
539.250,345.458,7.69967,3.199301e-03
539.500,344.973,7.69995,3.230698e-03
539.750,344.484,7.70023,3.262714e-03
540.000,343.990,7.70051,3.295367e-03
540.250,343.490,7.70080,3.328676e-03
540.500,342.986,7.70109,3.362661e-03
540.750,342.477,7.70138,3.397343e-03
541.000,341.963,7.70168,3.432744e-03
541.250,341.443,7.70197,3.468885e-03
541.500,340.918,7.70227,3.505791e-03
541.750,340.387,7.70258,3.543486e-03
542.000,339.850,7.70289,3.581995e-03
542.250,339.308,7.70320,3.621346e-03
542.500,338.760,7.70351,3.661565e-03
542.750,338.206,7.70383,3.702682e-03
543.000,337.645,7.70415,3.744727e-03
543.250,337.079,7.70448,3.787732e-03
543.500,336.505,7.70480,3.831731e-03
543.750,335.926,7.70514,3.876757e-03
544.000,335.339,7.70547,3.922848e-03
544.250,334.745,7.70581,3.970040e-03
544.500,334.145,7.70616,4.018375e-03
544.750,333.537,7.70651,4.067894e-03
545.000,332.922,7.70686,4.118642e-03
545.250,332.299,7.70722,4.170663e-03
545.500,331.668,7.70758,4.224007e-03
545.750,331.029,7.70795,4.278725e-03
546.000,330.382,7.70832,4.334870e-03
546.250,329.727,7.70870,4.392499e-03
546.500,329.063,7.70908,4.451671e-03
546.750,328.390,7.70947,4.512449e-03
547.000,327.708,7.70986,4.574899e-03
547.250,327.016,7.71025,4.639091e-03
547.500,326.315,7.71066,4.705099e-03
547.750,325.604,7.71107,4.773000e-03
548.000,324.882,7.71148,4.842877e-03
548.250,324.151,7.71190,4.914817e-03
548.500,323.408,7.71233,4.988914e-03
548.750,322.654,7.71276,5.065264e-03
549.000,321.889,7.71320,5.143973e-03
549.250,321.112,7.71365,5.225150e-03
549.500,320.322,7.71411,5.308914e-03
549.750,319.521,7.71457,5.395390e-03
550.000,318.706,7.71504,5.484712e-03
550.250,317.877,7.71551,5.577021e-03
550.500,317.035,7.71600,5.672471e-03
550.750,316.179,7.71649,5.771223e-03
551.000,315.307,7.71700,5.873452e-03
551.250,314.420,7.71751,5.979344e-03
551.500,313.518,7.71803,6.089099e-03
551.750,312.598,7.71856,6.202932e-03
552.000,311.662,7.71910,6.321074e-03
552.250,310.708,7.71965,6.443773e-03
552.500,309.735,7.72021,6.571298e-03
552.750,308.744,7.72078,6.703939e-03
553.000,307.732,7.72137,6.842008e-03
553.250,306.699,7.72196,6.985846e-03
553.500,305.645,7.72257,7.135820e-03
553.750,304.568,7.72319,7.292331e-03
554.000,303.468,7.72383,7.455814e-03
554.250,302.343,7.72448,7.626745e-03
554.500,301.193,7.72515,7.805642e-03
554.750,300.015,7.72583,7.993075e-03
555.000,298.809,7.72652,8.189669e-03
555.250,297.574,7.72724,8.396108e-03
555.500,296.307,7.72797,8.613150e-03
555.750,295.008,7.72872,8.841632e-03
556.000,293.674,7.72950,9.082478e-03
556.250,292.304,7.73029,9.336719e-03
556.500,290.895,7.73111,9.605499e-03
556.750,289.446,7.73195,9.890100e-03
557.000,287.954,7.73281,1.019196e-02
557.250,286.416,7.73370,1.051268e-02
557.500,284.830,7.73463,1.085409e-02
557.750,283.193,7.73558,1.121826e-02
558.000,281.500,7.73656,1.160752e-02
558.250,279.748,7.73758,1.202456e-02
558.500,277.933,7.73863,1.247245e-02
558.750,276.050,7.73973,1.295474e-02
559.000,274.094,7.74086,1.347552e-02
559.250,272.059,7.74205,1.403958e-02
559.500,269.939,7.74328,1.465254e-02
559.750,267.725,7.74457,1.532102e-02
560.000,265.409,7.74592,1.605289e-02
560.250,262.982,7.74734,1.685758e-02
560.500,260.432,7.74883,1.774649e-02
560.750,257.745,7.75039,1.873352e-02
561.000,254.908,7.75205,1.983579e-02
561.250,251.902,7.75381,2.107464e-02
561.500,248.705,7.75568,2.247704e-02
561.750,245.291,7.75768,2.407749e-02
562.000,241.630,7.75982,2.592093e-02
562.250,237.683,7.76214,2.806696e-02
562.500,233.401,7.76465,3.059632e-02
562.750,228.723,7.76740,3.362117e-02
563.000,223.567,7.77043,3.730198e-02
563.250,217.827,7.77381,4.187650e-02
563.500,211.352,7.77763,4.771256e-02
563.750,203.930,7.78201,5.541061e-02
564.000,195.236,7.78716,6.602088e-02
564.250,184.748,7.79338,8.155814e-02
564.500,171.543,7.80123,1.064257e-01
564.750,153.734,7.81186,1.523751e-01
565.000,126.448,7.82823,2.640763e-01
